id_lote,n_px_total,NDRE_mean,NDRE_std,NDRE_p25,NDRE_p50,NDRE_p75,NDRE_npx,CIre_mean,CIre_std,CIre_p25,CIre_p50,CIre_p75,CIre_npx,PRI_mean,PRI_std,PRI_p25,PRI_p50,PRI_p75,PRI_npx,NDWI_mean,NDWI_std,NDWI_p25,NDWI_p50,NDWI_p75,NDWI_npx,WBI_mean,WBI_std,WBI_p25,WBI_p50,WBI_p75,WBI_npx,MCARI_mean,MCARI_std,MCARI_p25,MCARI_p50,MCARI_p75,MCARI_npx,mNDVI705_mean,mNDVI705_std,mNDVI705_p25,mNDVI705_p50,mNDVI705_p75,mNDVI705_npx,NDVI_mean,NDVI_std,NDVI_p25,NDVI_p50,NDVI_p75,NDVI_npx,SIPI_mean,SIPI_std,SIPI_p25,SIPI_p50,SIPI_p75,SIPI_npx,TCARI_OSAVI_mean,TCARI_OSAVI_std,TCARI_OSAVI_p25,TCARI_OSAVI_p50,TCARI_OSAVI_p75,TCARI_OSAVI_npx,Datt1_mean,Datt1_std,Datt1_p25,Datt1_p50,Datt1_p75,Datt1_npx,REIP_mean,REIP_std,REIP_p25,REIP_p50,REIP_p75,REIP_npx
A1,2125,0.7379323244094849,0.027465958148241043,0.7345048785209656,0.7471516728401184,0.7520078420639038,2125,2.603501796722412,0.21652600169181824,2.5548126697540283,2.683318853378296,2.7404403686523438,2125,-0.03527405485510826,0.023641841486096382,-0.049094509333372116,-0.03364454582333565,-0.020391633734107018,2125,0.12617185711860657,0.016246045008301735,0.12417691946029663,0.13292968273162842,0.13606585562229156,2125,1.148813247680664,0.013301048427820206,1.1450068950653076,1.1541086435317993,1.157231330871582,2125,0.20259766280651093,0.051342811435461044,0.16841763257980347,0.19760538637638092,0.23175053298473358,2125,0.750194251537323,0.026777034625411034,0.7453587651252747,0.7578490972518921,0.7646881341934204,2125,0.9646319150924683,0.01996833272278309,0.9613930583000183,0.9687533378601074,0.9731120467185974,2125,1.0126417875289917,0.010782306082546711,1.008154273033142,1.010986089706421,1.014572024345398,2125,0.13930028676986694,0.007945728488266468,0.13446128368377686,0.1388588696718216,0.14386896789073944,2125,0.8173311352729797,0.012167708948254585,0.8151497840881348,0.8214130401611328,0.8244501352310181,2125,723.9000244140625,0.5144276022911072,723.7582397460938,724.06689453125,724.2328491210938,2125
A2,1026,0.7009930610656738,0.018898416310548782,0.6894038915634155,0.7004777193069458,0.7120116353034973,1026,2.2268385887145996,0.18023425340652466,2.116245985031128,2.206643581390381,2.317455291748047,1026,-0.04594764858484268,0.02072586677968502,-0.05937386304140091,-0.04562358558177948,-0.03170022368431091,1026,0.10750848799943924,0.01623581349849701,0.09691794961690903,0.10531048476696014,0.11814529448747635,1026,1.134373664855957,0.011896640993654728,1.1274693012237549,1.1329412460327148,1.14179265499115,1026,0.18334825336933136,0.03496324643492699,0.1619289666414261,0.17907938361167908,0.2014927864074707,1026,0.712661623954773,0.019949844107031822,0.6998871564865112,0.7111602425575256,0.7250399589538574,1026,0.9489921927452087,0.011430169455707073,0.9421348571777344,0.9494411945343018,0.9571202397346497,1026,1.0213645696640015,0.007320678327232599,1.0161712169647217,1.0222898721694946,1.0265382528305054,1026,0.15828067064285278,0.00810557696968317,0.15405312180519104,0.15807905793190002,0.16285715997219086,1026,0.794809877872467,0.011173814535140991,0.7888283133506775,0.7940858602523804,0.8000810146331787,1026,723.0542602539062,0.45785951614379883,722.8054809570312,723.022705078125,723.2532958984375,1026
A3,3291,0.7408877611160278,0.028354234993457794,0.7105498313903809,0.7503646612167358,0.766413688659668,3291,3.3020756244659424,0.753747820854187,2.3104944229125977,3.679699420928955,3.959951639175415,3291,-0.05663525313138962,0.02855774387717247,-0.07488624006509781,-0.05456550046801567,-0.03608469292521477,3291,0.10348226130008698,0.017988301813602448,0.09649616479873657,0.10381283611059189,0.11865153908729553,3291,1.1399863958358765,0.011693865060806274,1.1358826160430908,1.1431676149368286,1.147189736366272,3291,0.11612500250339508,0.06873732060194016,0.06520624458789825,0.07791879028081894,0.178847074508667,3291,0.7578492164611816,0.026882484555244446,0.7308516502380371,0.769137978553772,0.7795045375823975,3291,0.9479859471321106,0.014032384380698204,0.9432250261306763,0.9503428936004639,0.9556743502616882,3291,1.0188959836959839,0.007017194293439388,1.0139776468276978,1.0190222263336182,1.0234758853912354,3291,0.12279989570379257,0.033519331365823746,0.0972810760140419,0.10297287255525589,0.16428673267364502,3291,0.8475200533866882,0.03601117432117462,0.7988184094429016,0.8700763583183289,0.8759161233901978,3291,726.1157836914062,2.0471112728118896,723.3695068359375,727.3480834960938,727.7818603515625,3291
A4,1207,0.7149789929389954,0.011988531798124313,0.7125470638275146,0.7179588675498962,0.7215842604637146,1207,2.3191258907318115,0.093308225274086,2.2960734367370605,2.337156057357788,2.3732705116271973,1207,-0.03841695189476013,0.018339524045586586,-0.049983829259872437,-0.03827832639217377,-0.025972571223974228,1207,0.1203615814447403,0.009510383009910583,0.1178661435842514,0.12110728770494461,0.1254940778017044,1207,1.1447877883911133,0.008062774315476418,1.142343282699585,1.1459587812423706,1.1492137908935547,1207,0.23518775403499603,0.05164797976613045,0.20308679342269897,0.23295418918132782,0.2654568552970886,1207,0.7235549092292786,0.01114871259778738,0.7194693088531494,0.7255624532699585,0.7302521467208862,1207,0.9618245363235474,0.010710100643336773,0.9590693116188049,0.9644995331764221,0.9685013294219971,1207,1.0162075757980347,0.004838073626160622,1.012894630432129,1.0157274007797241,1.0185177326202393,1207,0.16249333322048187,0.005614892579615116,0.15887677669525146,0.16239848732948303,0.16605119407176971,1207,0.7979809045791626,0.005277581047266722,0.7961477637290955,0.7985278964042664,0.8012650012969971,1207,723.2111206054688,0.22068636119365692,723.1451416015625,723.249267578125,723.3416748046875,1207
A5,2049,0.724146842956543,0.029261967167258263,0.6974701881408691,0.7211275100708008,0.7552368640899658,2049,2.776547908782959,0.7338953614234924,2.1935667991638184,2.375534772872925,3.7093653678894043,2049,-0.055231016129255295,0.02968924678862095,-0.07343247532844543,-0.05067583546042442,-0.033260516822338104,2049,0.11045635491609573,0.016623931005597115,0.09555357694625854,0.11528947949409485,0.12448932975530624,2049,1.1437119245529175,0.008595118299126625,1.138297438621521,1.1457663774490356,1.150366187095642,2049,0.18070067465305328,0.08733490109443665,0.082618348300457,0.1939041018486023,0.2394941747188568,2049,0.7340533137321472,0.02594766765832901,0.7118778824806213,0.7290053963661194,0.7629256248474121,2049,0.9552561640739441,0.011677206493914127,0.9484748840332031,0.954975426197052,0.9630579948425293,2049,1.0193413496017456,0.006593951489776373,1.0140721797943115,1.0185809135437012,1.0247231721878052,2049,0.14523108303546906,0.03476684167981148,0.10007937997579575,0.16326896846294403,0.17256803810596466,2049,0.8197116255760193,0.03710523620247841,0.7899196743965149,0.8001548647880554,0.8692312836647034,2049,724.55908203125,2.0174312591552734,723.0572509765625,723.2933349609375,727.2489013671875,2049
A6,3048,0.7685986757278442,0.0077690607868134975,0.7653973698616028,0.7697300910949707,0.7733653783798218,3048,3.8169829845428467,0.14089806377887726,3.7516028881073,3.833265781402588,3.907662868499756,3048,-0.06290140748023987,0.024963131174445152,-0.08021458238363266,-0.06266233325004578,-0.04537239298224449,3048,0.11171367019414902,0.006357650272548199,0.10783770680427551,0.1111348569393158,0.1156211644411087,3048,1.149520754814148,0.005245854612439871,1.1467902660369873,1.1496858596801758,1.1524651050567627,3048,0.11631608754396439,0.02645338885486126,0.09944701194763184,0.11465521156787872,0.13029439747333527,3048,0.7750239968299866,0.009489568881690502,0.7695821523666382,0.7743887305259705,0.780868411064148,3048,0.9624943137168884,0.007716408930718899,0.958768367767334,0.9637494087219238,0.9675657153129578,3048,1.0183053016662598,0.0036251673009246588,1.0160616636276245,1.018768548965454,1.0206005573272705,3048,0.11755453050136566,0.0074790725484490395,0.1128791868686676,0.1174241229891777,0.12215889245271683,3048,0.8668100237846375,0.004867070354521275,0.8641330599784851,0.8667972087860107,0.8698230385780334,3048,727.1500854492188,0.3134211599826813,726.999755859375,727.175537109375,727.3480834960938,3048
A7,3635,0.7484239935874939,0.009904207661747932,0.74288010597229,0.7478075623512268,0.7540537118911743,3635,3.5776000022888184,0.17295998334884644,3.460848093032837,3.570434093475342,3.6972599029541016,3635,-0.04566426947712898,0.018087103962898254,-0.0577235072851181,-0.045436713844537735,-0.03292769193649292,3635,0.14335773885250092,0.012965269386768341,0.1364942193031311,0.14537817239761353,0.1531863510608673,3635,1.1787060499191284,0.010391495190560818,1.1733084917068481,1.179931640625,1.1866698265075684,3635,0.08683213591575623,0.013499775901436806,0.07754290103912354,0.08648699522018433,0.09449189901351929,3635,0.7731562256813049,0.015284067951142788,0.7614970207214355,0.7733754515647888,0.7841333150863647,3635,0.939757764339447,0.00854058749973774,0.9350923299789429,0.9403885006904602,0.945166826248169,3635,1.017956018447876,0.006369159556925297,1.0133205652236938,1.017639398574829,1.0225989818572998,3635,0.12924674153327942,0.006684908643364906,0.12502464652061462,0.12937860190868378,0.13370248675346375,3635,0.863795280456543,0.00590912252664566,0.8598614931106567,0.864494264125824,0.8680592775344849,3635,727.1195068359375,0.45308321714401245,726.8013916015625,727.2401733398438,727.458251953125,3635
A8,987,0.7131365537643433,0.012345868162810802,0.7098698616027832,0.7150281071662903,0.7202637195587158,987,2.2745609283447266,0.09884075075387955,2.230675458908081,2.2928450107574463,2.342132091522217,987,-0.02974846586585045,0.020981237292289734,-0.04154175519943237,-0.028069010004401207,-0.015915721654891968,987,0.12106390297412872,0.007823344320058823,0.11874637752771378,0.12302293628454208,0.12570631504058838,987,1.1382436752319336,0.007270100060850382,1.1354756355285645,1.139993667602539,1.1430584192276,987,0.22756370902061462,0.04729447513818741,0.20099163055419922,0.22678640484809875,0.25454649329185486,987,0.7357372045516968,0.012326730415225029,0.7308413982391357,0.7372559905052185,0.7427946329116821,987,0.9612902402877808,0.012492595240473747,0.958834707736969,0.9632301926612854,0.9671081304550171,987,1.0061074495315552,0.006770006380975246,1.0027074813842773,1.005371332168579,1.0081932544708252,987,0.16678448021411896,0.010326850228011608,0.16259528696537018,0.1676984280347824,0.17329061031341553,987,0.7952068448066711,0.006396580953150988,0.7923679351806641,0.7959884405136108,0.7993187308311462,987,723.025146484375,0.25301215052604675,722.9025268554688,723.0570068359375,723.2010498046875,987
A9,3296,0.7276187539100647,0.008613614365458488,0.7228854894638062,0.7284609079360962,0.7336782217025757,3296,2.441824436187744,0.07684724777936935,2.401249408721924,2.4482946395874023,2.4970874786376953,3296,-0.024116136133670807,0.017224447801709175,-0.03509038686752319,-0.023063378408551216,-0.01289286371320486,3296,0.13344323635101318,0.0048700664192438126,0.1309954822063446,0.13343080878257751,0.13665208220481873,3296,1.1521145105361938,0.00572319095954299,1.1481281518936157,1.1522090435028076,1.1561198234558105,3296,0.2164306938648224,0.03651062399148941,0.19193583726882935,0.21298418939113617,0.2377137839794159,3296,0.7479768991470337,0.007916680537164211,0.7441632747650146,0.7486772537231445,0.7528820633888245,3296,0.9634290337562561,0.0073895021341741085,0.9598051309585571,0.9641290903091431,0.9680394530296326,3296,1.0070372819900513,0.004563743248581886,1.0042312145233154,1.0072126388549805,1.0098477602005005,3296,0.15944679081439972,0.007922166958451271,0.15360571444034576,0.1586587131023407,0.16502059996128082,3296,0.8068174123764038,0.004090247675776482,0.8048377633094788,0.8073240518569946,0.8093180060386658,3296,723.5172729492188,0.1801406443119049,723.4276123046875,723.5381469726562,723.6375732421875,3296
A10,1680,0.7349119782447815,0.029078572988510132,0.7303824424743652,0.7376246452331543,0.7505024671554565,1680,3.5441174507141113,0.4731499254703522,3.3218588829040527,3.4955711364746094,3.9079372882843018,1680,-0.08938981592655182,0.03988027200102806,-0.1131490021944046,-0.08317925035953522,-0.060879021883010864,1680,0.08507777750492096,0.012144729495048523,0.08036472648382187,0.08579032123088837,0.091707743704319,1680,1.1306233406066895,0.014070049859583378,1.1210119724273682,1.128421425819397,1.1432043313980103,1680,0.06421930342912674,0.014887900091707706,0.053592562675476074,0.063407763838768,0.0734938532114029,1680,0.7511719465255737,0.024941207841038704,0.7471079230308533,0.7554900646209717,0.762470543384552,1680,0.93865966796875,0.015880918130278587,0.9332848787307739,0.9399308562278748,0.9472654461860657,1680,1.0250581502914429,0.007488948758691549,1.020993709564209,1.0249629020690918,1.0288093090057373,1680,0.0908321961760521,0.02160976268351078,0.07376787066459656,0.08559266477823257,0.10448317229747772,1680,0.8627289533615112,0.02001623809337616,0.8577213883399963,0.8645969033241272,0.8746878504753113,1680,727.49853515625,1.526820421218872,726.503662109375,727.589599609375,728.792236328125,1680
A11,1252,0.7119905352592468,0.019932031631469727,0.6978869438171387,0.7138259410858154,0.7288405299186707,1252,2.2255234718322754,0.19076380133628845,2.0687003135681152,2.2266454696655273,2.392763614654541,1252,-0.039854995906353,0.022145671769976616,-0.053625598549842834,-0.038033563643693924,-0.025006283074617386,1252,0.11627548187971115,0.01933683641254902,0.10104603320360184,0.11799748241901398,0.1348671317100525,1252,1.136199712753296,0.01638956554234028,1.1230852603912354,1.1358215808868408,1.1512528657913208,1252,0.2602061927318573,0.09112716466188431,0.20044663548469543,0.2480759620666504,0.30536675453186035,1252,0.7293477058410645,0.016743941232562065,0.7190201282501221,0.7336229085922241,0.7411347031593323,1252,0.9640955328941345,0.015145864337682724,0.9583346843719482,0.9668668508529663,0.9743186831474304,1252,1.00824773311615,0.006601615343242884,1.0044934749603271,1.0072972774505615,1.0104342699050903,1252,0.15469832718372345,0.008280932903289795,0.14986051619052887,0.15519677102565765,0.1603573113679886,1252,0.7901663780212402,0.011549422517418861,0.7806582450866699,0.7904239296913147,0.7992368340492249,1252,722.75830078125,0.5318412184715271,722.2984619140625,722.7603759765625,723.155517578125,1252
A12,573,0.697428286075592,0.02486681006848812,0.6855722665786743,0.7082638144493103,0.7152637243270874,573,2.1321351528167725,0.17286939918994904,2.0154688358306885,2.204146385192871,2.2645437717437744,573,-0.0485396571457386,0.02658117562532425,-0.060034457594156265,-0.04387509822845459,-0.03115975297987461,573,0.12040678411722183,0.014958193525671959,0.11131780594587326,0.12565061450004578,0.13254453241825104,573,1.1431399583816528,0.01251784898340702,1.1357219219207764,1.1466703414916992,1.1530497074127197,573,0.21608000993728638,0.06444625556468964,0.16769945621490479,0.21949544548988342,0.26172223687171936,573,0.7093486189842224,0.025864191353321075,0.6972658038139343,0.7202838659286499,0.7273119688034058,573,0.9524606466293335,0.02135622315108776,0.9447939991950989,0.9602338075637817,0.9669952988624573,573,1.0190646648406982,0.013275714591145515,1.0110206604003906,1.0143282413482666,1.0232419967651367,573,0.16077765822410583,0.01328647043555975,0.1538407802581787,0.16272807121276855,0.16985563933849335,573,0.7851822376251221,0.010087023489177227,0.7797383666038513,0.788819432258606,0.792267382144928,573,722.6248779296875,0.3867885172367096,722.3651123046875,722.7734985351562,722.916748046875,573
A13,1632,0.692452073097229,0.06563422828912735,0.6886250376701355,0.7124801874160767,0.722454309463501,1632,2.1582791805267334,0.3117065131664276,2.0652332305908203,2.255725383758545,2.3459243774414062,1632,-0.039790526032447815,0.03321022540330887,-0.05044403672218323,-0.033600568771362305,-0.020863613113760948,1632,0.11351505666971207,0.03666413947939873,0.10905306786298752,0.12498434633016586,0.1294814795255661,1632,1.136852741241455,0.0212546493858099,1.129109501838684,1.142746925354004,1.1485720872879028,1632,0.1887240707874298,0.060115404427051544,0.15230461955070496,0.19270679354667664,0.23034018278121948,1632,0.7186891436576843,0.06055045127868652,0.7161862254142761,0.7362075448036194,0.7448204755783081,1632,0.9377913475036621,0.06942582875490189,0.9409923553466797,0.9572713375091553,0.9648714065551758,1632,1.0187945365905762,0.05073581263422966,1.0046521425247192,1.0074944496154785,1.0121898651123047,1632,0.16304340958595276,0.010846634395420551,0.1573851853609085,0.1643551141023636,0.1700901985168457,1632,0.7901701331138611,0.017482174560427666,0.7847634553909302,0.7942980527877808,0.8005343079566956,1632,722.7802734375,0.605640709400177,722.5040893554688,722.9049072265625,723.1768798828125,1632
A14,672,0.7180696725845337,0.026456857100129128,0.7177152633666992,0.7244554758071899,0.7292736768722534,672,2.3004329204559326,0.1653868705034256,2.255321502685547,2.3278355598449707,2.3984391689300537,672,-0.034725818783044815,0.02865264005959034,-0.05207429081201553,-0.03285732865333557,-0.014985669404268265,672,0.1065376028418541,0.013975157402455807,0.1045440286397934,0.10994847118854523,0.11434783041477203,672,1.1256027221679688,0.008362453430891037,1.1228992938995361,1.127051591873169,1.1309866905212402,672,0.18984630703926086,0.049402426928281784,0.16240668296813965,0.19010047614574432,0.22013847529888153,672,0.7440397143363953,0.02481262758374214,0.739960253238678,0.7479468584060669,0.7566699981689453,672,0.9583575129508972,0.025073647499084473,0.9589945077896118,0.9640265703201294,0.9683538675308228,672,1.0058666467666626,0.011793558485805988,1.000551700592041,1.003493070602417,1.00714910030365,672,0.1447184681892395,0.009530600160360336,0.1377362310886383,0.14414358139038086,0.1511061191558838,672,0.7987474799156189,0.009946301579475403,0.7944415211677551,0.7993363738059998,0.805165708065033,672,722.9251098632812,0.3740912079811096,722.7262573242188,722.9413452148438,723.200927734375,672
A15,1418,0.6959689855575562,0.015547474846243858,0.6934489011764526,0.6996744871139526,0.7036501169204712,1418,2.103872060775757,0.09101095795631409,2.0817782878875732,2.124056816101074,2.1558070182800293,1418,-0.025275226682424545,0.0216844342648983,-0.03854468837380409,-0.024744627997279167,-0.010761691257357597,1418,0.11932126432657242,0.008976801298558712,0.11729969084262848,0.12088768184185028,0.1240883395075798,1418,1.1379616260528564,0.006337324623018503,1.1358497142791748,1.139148235321045,1.1416783332824707,1418,0.2361198365688324,0.04403568431735039,0.21319925785064697,0.23670357465744019,0.26423484086990356,1418,0.7258453965187073,0.014699405059218407,0.723227322101593,0.7283392548561096,0.7325270175933838,1418,0.9568413496017456,0.015469705685973167,0.9553701877593994,0.9597204327583313,0.9632372856140137,1418,1.0024782419204712,0.00832007173448801,0.9988003373146057,1.0013705492019653,1.0040189027786255,1418,0.18300345540046692,0.008518395945429802,0.1785477250814438,0.18311092257499695,0.1877191662788391,1418,0.7813159227371216,0.005243394058197737,0.7789193391799927,0.7824451923370361,0.7844804525375366,1418,722.5281982421875,0.18723717331886292,722.4564819335938,722.5499267578125,722.6478881835938,1418
A16,731,0.6771199107170105,0.018850892782211304,0.6677150726318359,0.6807688474655151,0.6902722716331482,731,2.0054526329040527,0.11649566143751144,1.9410039186477661,2.02508544921875,2.0880134105682373,731,-0.019921183586120605,0.01970379240810871,-0.02928929775953293,-0.018016356974840164,-0.007368202321231365,731,0.10580415278673172,0.011937900446355343,0.09960140287876129,0.10841509699821472,0.11469361186027527,731,1.1258652210235596,0.008442189544439316,1.1202889680862427,1.1275932788848877,1.13206148147583,731,0.1534547209739685,0.028481006622314453,0.13254068791866302,0.14930503070354462,0.17421147227287292,731,0.7266759872436523,0.01704787090420723,0.7208335399627686,0.7302033305168152,0.7362434267997742,731,0.932458221912384,0.0182182639837265,0.9234039783477783,0.9351307153701782,0.946013331413269,731,1.0002912282943726,0.009390301071107388,0.9959670305252075,0.9987708926200867,1.0026109218597412,731,0.1787249594926834,0.0066628712229430676,0.1751280426979065,0.17916224896907806,0.18317997455596924,731,0.7809581160545349,0.006557156331837177,0.7775444984436035,0.7818618416786194,0.7853012084960938,731,722.4561157226562,0.2747606039047241,722.2938232421875,722.4796142578125,722.6521606445312,731
A17,782,0.7502076029777527,0.015452785417437553,0.7393164038658142,0.7547920942306519,0.7616372108459473,782,3.5964488983154297,0.2661515772342682,3.3862898349761963,3.662158250808716,3.8182525634765625,782,-0.03250398859381676,0.01861712709069252,-0.0432327464222908,-0.03123103827238083,-0.018690329045057297,782,0.11625157296657562,0.013349749147891998,0.10490821301937103,0.12111067771911621,0.12760864198207855,782,1.1459354162216187,0.012784551829099655,1.1336363554000854,1.1493799686431885,1.1576063632965088,782,0.06870204210281372,0.009248541668057442,0.06255896389484406,0.06847894191741943,0.07475511729717255,782,0.8048514127731323,0.01365460641682148,0.7965409755706787,0.8077809810638428,0.814864456653595,782,0.9348464012145996,0.009963668882846832,0.9301204681396484,0.9363052845001221,0.9420186281204224,782,1.0029433965682983,0.004017873667180538,1.000442385673523,1.0028539896011353,1.0049852132797241,782,0.11812809854745865,0.00681387260556221,0.11389462649822235,0.11800875514745712,0.12254726886749268,782,0.8679288029670715,0.0076024471782147884,0.8628984689712524,0.870225191116333,0.8739001154899597,782,726.9135131835938,0.5775305032730103,726.4534301757812,727.094970703125,727.3737182617188,782
A18,648,0.6849795579910278,0.07646279782056808,0.6519814729690552,0.7182850241661072,0.7396135926246643,648,2.813992500305176,0.7743067741394043,2.2521190643310547,3.0821378231048584,3.436455249786377,648,-0.046280909329652786,0.023128777742385864,-0.060160502791404724,-0.04460592940449715,-0.03141139820218086,648,0.08182171732187271,0.028734788298606873,0.06268619000911713,0.08980640023946762,0.10551001876592636,648,1.1203646659851074,0.021960049867630005,1.1034531593322754,1.126286506652832,1.139053463935852,648,0.07088513672351837,0.016332942992448807,0.05959542468190193,0.06660238653421402,0.07663079351186752,648,0.7508710026741028,0.07927235960960388,0.7165218591690063,0.7861156463623047,0.8057178854942322,648,0.9001750946044922,0.038440678268671036,0.8866292834281921,0.9154130220413208,0.9260351657867432,648,1.0100101232528687,0.01827232912182808,0.9991176724433899,1.0034534931182861,1.0144214630126953,648,0.13832561671733856,0.03364391624927521,0.11655008792877197,0.12315929681062698,0.14973893761634827,648,0.830986499786377,0.04970692843198776,0.8121232986450195,0.854265570640564,0.8652348518371582,648,725.0203247070312,2.2044894695281982,723.796630859375,725.9058837890625,726.6891479492188,648
A19,503,0.6882065534591675,0.03141855448484421,0.6815968155860901,0.69806969165802,0.7071353197097778,503,2.690951347351074,0.3244355022907257,2.5771260261535645,2.7734920978546143,2.9214096069335938,503,-0.045718684792518616,0.019117971882224083,-0.056564733386039734,-0.043776579201221466,-0.03232622519135475,503,0.077039435505867,0.01913355104625225,0.07256543636322021,0.08221355080604553,0.0880531594157219,503,1.1187654733657837,0.01411262433975935,1.1156705617904663,1.1224961280822754,1.1269670724868774,503,0.07398855686187744,0.0107357706874609,0.06731389462947845,0.07318077236413956,0.0791185200214386,503,0.7402164936065674,0.029689805582165718,0.7326691150665283,0.7477831244468689,0.7592301964759827,503,0.9085597991943359,0.01958225667476654,0.903602123260498,0.9124337434768677,0.9201275706291199,503,1.015331745147705,0.00902633462101221,1.010123610496521,1.0135310888290405,1.0177721977233887,503,0.13211765885353088,0.010586228221654892,0.12473545968532562,0.13033731281757355,0.13846629858016968,503,0.8323141932487488,0.018506767228245735,0.8277873396873474,0.8376467227935791,0.8433171510696411,503,724.9325561523438,0.7982937097549438,724.630615234375,725.145751953125,725.4801025390625,503
A20,6919,0.7142543196678162,0.0680723562836647,0.7167665362358093,0.7392804026603699,0.7488619089126587,6919,3.130995035171509,0.8150601387023926,2.9714560508728027,3.4233813285827637,3.6380159854888916,6919,-0.06466233730316162,0.02973281219601631,-0.0809517502784729,-0.06098762899637222,-0.0444096215069294,6919,0.0872807428240776,0.05965152010321617,0.08344556391239166,0.10695347934961319,0.12211552262306213,6919,1.135622501373291,0.043781548738479614,1.1300415992736816,1.1490437984466553,1.1604353189468384,6919,0.0962638333439827,0.05414704978466034,0.0628679096698761,0.07974932342767715,0.1066213846206665,6919,0.7373875379562378,0.06642580777406693,0.736764132976532,0.7632014751434326,0.7754045724868774,6919,0.9349982142448425,0.021726764738559723,0.9259697794914246,0.9365963339805603,0.9489632844924927,6919,1.0211398601531982,0.009679881855845451,1.0149821043014526,1.0202908515930176,1.025987148284912,6919,0.11687212437391281,0.0217328742146492,0.1032562255859375,0.11043763160705566,0.12752783298492432,6917,0.8385295271873474,0.052232950925827026,0.8403496742248535,0.8614521622657776,0.8709571361541748,6919,725.7512817382812,2.3263485431671143,725.2951049804688,726.623779296875,727.376953125,6919
A21,1030,0.762910783290863,0.01528699416667223,0.7615507245063782,0.7665084600448608,0.7701668739318848,1030,3.868138551712036,0.27740591764450073,3.8341569900512695,3.9315147399902344,4.0206122398376465,1030,-0.04546281695365906,0.022539978846907616,-0.05937683954834938,-0.04436764121055603,-0.02891894429922104,1030,0.10106033831834793,0.00896209105849266,0.09902418404817581,0.10385717451572418,0.10622847080230713,1030,1.1374821662902832,0.006272113416343927,1.1358168125152588,1.1389122009277344,1.1414718627929688,1030,0.075325146317482,0.012241602875292301,0.06661516427993774,0.0738106518983841,0.0827174261212349,1030,0.7934935092926025,0.016658209264278412,0.7914049029350281,0.7971430420875549,0.8018106818199158,1030,0.9488929510116577,0.00852842628955841,0.9463385939598083,0.9501482248306274,0.9534964561462402,1030,1.0108556747436523,0.005008156877011061,1.0082321166992188,1.0104392766952515,1.0127109289169312,1030,0.10479719936847687,0.008708355017006397,0.0992492213845253,0.10332566499710083,0.10770495980978012,1030,0.8736778497695923,0.00952964648604393,0.872509241104126,0.8757584095001221,0.8789076805114746,1030,727.587646484375,0.651967465877533,727.478515625,727.74560546875,727.9649047851562,1030
A22,1326,0.6953189373016357,0.07378461956977844,0.6154795289039612,0.7399691343307495,0.7482616901397705,1326,2.9628164768218994,0.9329580068588257,1.7611571550369263,3.5209522247314453,3.6527318954467773,1326,-0.06743130087852478,0.03802863880991936,-0.08878841996192932,-0.05877891555428505,-0.04093298316001892,1326,0.047599442303180695,0.06236672401428223,-0.007270338479429483,0.08518856763839722,0.09046102315187454,1326,1.1021751165390015,0.040658049285411835,1.062576174736023,1.1256401538848877,1.1307673454284668,1326,0.09561395645141602,0.05163116008043289,0.06172320991754532,0.0701240748167038,0.12386410683393478,1326,0.7262318134307861,0.08410726487636566,0.6281071901321411,0.7783297300338745,0.78623366355896,1326,0.9374845623970032,0.011834834702312946,0.9319363236427307,0.9377227425575256,0.9430803060531616,1326,1.0155079364776611,0.006647274363785982,1.011257290840149,1.013911485671997,1.017716646194458,1326,0.10044492781162262,0.012006495147943497,0.0971728265285492,0.10202337801456451,0.10623046010732651,1326,0.8272479772567749,0.06257952749729156,0.7524513602256775,0.8675616979598999,0.8714957237243652,1326,725.4559936523438,2.7458267211914062,722.0455322265625,727.1778564453125,727.4597778320312,1326
A23,2178,0.7890151739120483,0.009008646942675114,0.7849389910697937,0.7903239727020264,0.7948378324508667,2178,4.498276233673096,0.16116413474082947,4.421714782714844,4.520486354827881,4.604100227355957,2178,-0.05535866320133209,0.03024420700967312,-0.07476040720939636,-0.05306129902601242,-0.03376966714859009,2178,0.12701652944087982,0.004872125573456287,0.1252429336309433,0.12797236442565918,0.1299528181552887,2178,1.1688247919082642,0.004833691753447056,1.1663455963134766,1.1697239875793457,1.1721163988113403,2178,0.08338413387537003,0.02236706204712391,0.06792785227298737,0.07841672003269196,0.0941070169210434,2178,0.8038697242736816,0.009474726393818855,0.7977625131607056,0.8036503791809082,0.8102170825004578,2178,0.9626851677894592,0.008831027895212173,0.9571509957313538,0.9633241891860962,0.9688245058059692,2178,1.013575792312622,0.004479223396629095,1.0103518962860107,1.0138368606567383,1.0169731378555298,2178,0.09203583002090454,0.0050691175274550915,0.08857313543558121,0.09176747500896454,0.0951172262430191,2178,0.8869430422782898,0.0029997879173606634,0.8855742812156677,0.8872082233428955,0.8888594508171082,2178,729.036376953125,0.23390908539295197,728.9125366210938,729.0634765625,729.189697265625,2178
A24,2339,0.707276463508606,0.018835749477148056,0.6964644193649292,0.71052086353302,0.7214726805686951,2339,2.240349531173706,0.1187407374382019,2.165975570678711,2.256620168685913,2.3293323516845703,2339,-0.04846321791410446,0.021254735067486763,-0.061641063541173935,-0.047710467129945755,-0.034212805330753326,2339,0.102367103099823,0.011307451874017715,0.09549874067306519,0.10438114404678345,0.11124972999095917,2339,1.1326271295547485,0.007946954108774662,1.127361536026001,1.1342225074768066,1.1386687755584717,2339,0.2042229175567627,0.07451353967189789,0.1502147912979126,0.1871851235628128,0.23933959007263184,2339,0.7203351259231567,0.015869682654738426,0.7111841440200806,0.7231460213661194,0.7314951419830322,2339,0.9514504671096802,0.020661627873778343,0.9400246143341064,0.9548593163490295,0.9666478037834167,2339,1.0193698406219482,0.008777906186878681,1.0136873722076416,1.0177268981933594,1.0238772630691528,2339,0.15761715173721313,0.006884869188070297,0.15390893816947937,0.158071368932724,0.162033349275589,2339,0.7961663007736206,0.004869085270911455,0.792925238609314,0.7965567111968994,0.7999105453491211,2339,723.019775390625,0.20849692821502686,722.87353515625,723.0390625,723.170654296875,2339
A25,1118,0.7082099318504333,0.018808409571647644,0.7027060389518738,0.7140384316444397,0.720794677734375,1118,2.2624080181121826,0.12709523737430573,2.2027111053466797,2.2928247451782227,2.3554728031158447,1118,-0.05360228568315506,0.022058479487895966,-0.06606883555650711,-0.053117234259843826,-0.03923830762505531,1118,0.10103708505630493,0.013276668265461922,0.09668505191802979,0.10463520884513855,0.11014159023761749,1118,1.1313859224319458,0.008561857044696808,1.1282341480255127,1.132822036743164,1.1369692087173462,1118,0.1896563470363617,0.047126322984695435,0.16330140829086304,0.187472403049469,0.2122204303741455,1118,0.7172222137451172,0.018826570361852646,0.709465742111206,0.7227163314819336,0.7304657697677612,1118,0.9501525163650513,0.018342595547437668,0.9464446306228638,0.9549351334571838,0.9609370827674866,1118,1.0234973430633545,0.01035277172923088,1.0167540311813354,1.0200910568237305,1.0272786617279053,1118,0.15720778703689575,0.00604716083034873,0.15386706590652466,0.157490536570549,0.16124123334884644,1118,0.7986531257629395,0.005571071058511734,0.7949501276016235,0.7992971539497375,0.8026409149169922,1118,723.1351928710938,0.2531094551086426,722.948974609375,723.16943359375,723.3429565429688,1118
A26,2745,0.7060169577598572,0.010969306342303753,0.7003344297409058,0.7079019546508789,0.7139949798583984,2745,2.1735341548919678,0.08078824728727341,2.127955198287964,2.1857173442840576,2.2348198890686035,2745,-0.042810503393411636,0.017961520701646805,-0.05489645525813103,-0.04263501241803169,-0.03019324690103531,2745,0.11294018477201462,0.007170099765062332,0.1092052012681961,0.11425081640481949,0.11782913655042648,2745,1.1368950605392456,0.004760118201375008,1.1342226266860962,1.1374268531799316,1.140079140663147,2745,0.24271033704280853,0.04720431938767433,0.2101883888244629,0.2365424484014511,0.26742464303970337,2745,0.7129321694374084,0.011111351661384106,0.7057721018791199,0.7142864465713501,0.7209020853042603,2745,0.959208607673645,0.009147408418357372,0.9546064734458923,0.9602874517440796,0.9651126861572266,2745,1.0195879936218262,0.005457517225295305,1.015831708908081,1.019318699836731,1.0229368209838867,2745,0.17197978496551514,0.00681401276960969,0.16689611971378326,0.17166444659233093,0.17660963535308838,2745,0.7884742617607117,0.0050305393524467945,0.7855607867240906,0.7892104983329773,0.7920845746994019,2745,722.7994384765625,0.1949135810136795,722.69189453125,722.8231201171875,722.935302734375,2745
A27,641,0.688470184803009,0.017076242715120316,0.6818727850914001,0.6940610408782959,0.6996183395385742,641,2.0479934215545654,0.10567988455295563,1.9956133365631104,2.07716965675354,2.1219186782836914,641,-0.05174253135919571,0.020277418196201324,-0.06333968043327332,-0.05087270587682724,-0.039769962430000305,641,0.10557932406663895,0.00985695980489254,0.09976962953805923,0.10795276612043381,0.11138048022985458,641,1.1321759223937988,0.0057074641808867455,1.128221035003662,1.1330057382583618,1.1359270811080933,641,0.20310774445533752,0.04331182315945625,0.17557775974273682,0.19569918513298035,0.22526958584785461,641,0.6972759366035461,0.015642058104276657,0.6896488070487976,0.7011100053787231,0.7083019614219666,641,0.945297360420227,0.017440231516957283,0.9411445260047913,0.9493096470832825,0.9548786282539368,641,1.0257114171981812,0.008953974582254887,1.0203994512557983,1.0246506929397583,1.0294748544692993,641,0.1737506240606308,0.008056364953517914,0.16807857155799866,0.17192333936691284,0.17949242889881134,641,0.7812589406967163,0.006835835985839367,0.7773337364196777,0.7833319902420044,0.7862469553947449,641,722.552978515625,0.23790141940116882,722.3956909179688,722.5848388671875,722.7220458984375,641
A28,2384,0.7236336469650269,0.009717104025185108,0.7214576601982117,0.725435197353363,0.728998064994812,2384,2.333019733428955,0.08105918765068054,2.301668643951416,2.3459630012512207,2.3831241130828857,2384,-0.039512597024440765,0.018652334809303284,-0.05148870125412941,-0.03888026624917984,-0.026672735810279846,2384,0.12166298180818558,0.007473199628293514,0.11809796839952469,0.12282940745353699,0.1272207349538803,2384,1.1413975954055786,0.00520335603505373,1.1391404867172241,1.1422350406646729,1.1447571516036987,2384,0.32937905192375183,0.0766378715634346,0.28368377685546875,0.32743293046951294,0.3720490038394928,2384,0.7299483418464661,0.009702067822217941,0.7261970043182373,0.731158971786499,0.7357690930366516,2384,0.9730775356292725,0.008607547730207443,0.9712895154953003,0.9748208522796631,0.9775086641311646,2384,1.0124646425247192,0.004542838782072067,1.0098457336425781,1.0118718147277832,1.0143911838531494,2384,0.16440710425376892,0.007153631653636694,0.15998536348342896,0.1647658795118332,0.16918936371803284,2384,0.796448290348053,0.004962690640240908,0.7940058708190918,0.7968162894248962,0.799701988697052,2384,723.0582885742188,0.18413975834846497,722.970458984375,723.0816650390625,723.1713256835938,2384
A29,2207,0.7123298645019531,0.029185108840465546,0.6948813199996948,0.7216651439666748,0.7338734865188599,2207,2.294840097427368,0.2337043434381485,2.1275839805603027,2.3518316745758057,2.4586288928985596,2207,-0.04476273059844971,0.025175707414746284,-0.05963107943534851,-0.04346110671758652,-0.02875802107155323,2207,0.10676402598619461,0.021495573222637177,0.09213527292013168,0.1146295964717865,0.12350977957248688,2207,1.1328065395355225,0.015113184228539467,1.1238489151000977,1.1383233070373535,1.1440765857696533,2207,0.18625639379024506,0.055814579129219055,0.14574339985847473,0.18069346249103546,0.21818315982818604,2207,0.7276769876480103,0.027844799682497978,0.7096198797225952,0.7361186742782593,0.7500453591346741,2207,0.9528226852416992,0.021838517859578133,0.9462324380874634,0.9604626297950745,0.9674133062362671,2207,1.017520546913147,0.011410684324800968,1.009713053703308,1.0140596628189087,1.0229911804199219,2207,0.147318035364151,0.012957099825143814,0.13896849751472473,0.1509256362915039,0.15655943751335144,2207,0.800338089466095,0.012808000668883324,0.7911158800125122,0.802280843257904,0.8086459040641785,2207,723.1218872070312,0.5599310398101807,722.7283325195312,723.2444458007812,723.4937744140625,2207
A30,3453,0.7218512892723083,0.03285738825798035,0.7190067768096924,0.7291104793548584,0.736282229423523,3453,2.4002017974853516,0.19674552977085114,2.3442039489746094,2.4447333812713623,2.5192391872406006,3453,-0.0334639698266983,0.026238100603222847,-0.04552292823791504,-0.031305454671382904,-0.01723635196685791,3453,0.11693865060806274,0.021039841696619987,0.11616291105747223,0.12304319441318512,0.12698939442634583,3453,1.1395435333251953,0.011828228831291199,1.1372748613357544,1.142680048942566,1.1469627618789673,3453,0.17615312337875366,0.048216499388217926,0.14906972646713257,0.1751551777124405,0.20168007910251617,3453,0.7462654709815979,0.03015085682272911,0.7432858943939209,0.7518094778060913,0.7585834860801697,3453,0.9526176452636719,0.03697114810347557,0.9524930119514465,0.9597833156585693,0.964626133441925,3453,1.0114551782608032,0.034519609063863754,1.0040369033813477,1.0075072050094604,1.0120162963867188,3453,0.15074962377548218,0.009655057452619076,0.14546909928321838,0.15108002722263336,0.1569914072751999,3453,0.8079452514648438,0.01149204932153225,0.8040176630020142,0.810123860836029,0.8144397735595703,3453,723.4541015625,0.379396915435791,723.2866821289062,723.5294189453125,723.6978149414062,3453
A31,4085,0.7588397264480591,0.010604504495859146,0.7528174519538879,0.7572737336158752,0.764095664024353,4085,3.8446435928344727,0.1579502671957016,3.748776912689209,3.8346333503723145,3.931399345397949,4085,-0.039897385984659195,0.02100481651723385,-0.05364116281270981,-0.039827823638916016,-0.02585500106215477,4085,0.12704609334468842,0.02603316865861416,0.10673338919878006,0.11287426948547363,0.15873609483242035,4085,1.1607216596603394,0.029015911743044853,1.1382396221160889,1.1434595584869385,1.195204734802246,4085,0.07351130992174149,0.013439835980534554,0.06433703005313873,0.07099903374910355,0.08008017390966415,4085,0.7970257997512817,0.009912174195051193,0.7911388278007507,0.7978248000144958,0.803870677947998,4085,0.9412898421287537,0.010063784196972847,0.935402512550354,0.9406644105911255,0.9469695091247559,4085,1.0102404356002808,0.005225274246186018,1.006746768951416,1.0098117589950562,1.0133659839630127,4085,0.1109946072101593,0.006561388727277517,0.10660842806100845,0.11125083267688751,0.11547882854938507,4085,0.874628484249115,0.0033323531970381737,0.872408926486969,0.874862790107727,0.8769502639770508,4085,727.5571899414062,0.3166967034339905,727.3578491210938,727.5538940429688,727.7733764648438,4085
A32,4001,0.7316575050354004,0.041242606937885284,0.7234451770782471,0.7434618473052979,0.7519450187683105,3998,3.4502921104431152,0.41553884744644165,3.267899513244629,3.569439649581909,3.725717544555664,3998,-0.043451882898807526,0.026459665969014168,-0.05569266900420189,-0.04133045673370361,-0.02771947905421257,3994,0.11261021345853806,0.02196655049920082,0.10472375899553299,0.11256643384695053,0.12180620431900024,3998,1.1485873460769653,0.018146146088838577,1.1367558240890503,1.143782615661621,1.1607574224472046,3998,0.06771978735923767,0.012352677062153816,0.06057139113545418,0.06743621826171875,0.07511725276708603,3998,0.7812055349349976,0.03552528843283653,0.770352840423584,0.7874690294265747,0.7985743284225464,3998,0.9209951758384705,0.04143346846103668,0.9194581508636475,0.9306067824363708,0.9370181560516357,3998,1.0139189958572388,0.025450628250837326,1.0069438219070435,1.0112860202789307,1.0160624980926514,3998,0.1156938448548317,0.010068412870168686,0.10994132608175278,0.11468766629695892,0.12017063796520233,3998,0.865236759185791,0.013448023237287998,0.8604856729507446,0.8683603405952454,0.8733336925506592,3998,726.9374389648438,0.7663518786430359,726.5786743164062,727.1359252929688,727.4478759765625,3998
A33,4265,0.7460569143295288,0.037430327385663986,0.7054064273834229,0.7688195705413818,0.7747368812561035,4265,3.467639207839966,0.9411329627037048,2.2568182945251465,4.0894293785095215,4.2121405601501465,4265,-0.03967380151152611,0.02385207824409008,-0.05427596718072891,-0.036677733063697815,-0.02307714708149433,4265,0.11726216226816177,0.008479245938360691,0.11361958086490631,0.11789242923259735,0.12237893790006638,4265,1.1493746042251587,0.00773362722247839,1.1455193758010864,1.150173306465149,1.1545382738113403,4265,0.10551784932613373,0.04960908740758896,0.06746445596218109,0.07899285107851028,0.15271201729774475,4265,0.7784876823425293,0.03694229573011398,0.7397158145904541,0.7958898544311523,0.8077322244644165,4265,0.9473366141319275,0.010903947055339813,0.9434720873832703,0.9483998417854309,0.9528547525405884,4265,1.008931279182434,0.0066331797279417515,1.004683494567871,1.0080400705337524,1.0124708414077759,4265,0.12646441161632538,0.03444170951843262,0.10025051981210709,0.10659821331501007,0.17017969489097595,4265,0.8512179255485535,0.041960421949625015,0.797214925289154,0.8800250291824341,0.8835850358009338,4265,726.467529296875,2.4817116260528564,723.2164916992188,728.0988159179688,728.4349975585938,4265
A34,9220,0.7430243492126465,0.04771772772073746,0.7446152567863464,0.754372775554657,0.7642242908477783,9220,3.5119762420654297,0.6273828148841858,3.4508986473083496,3.5980236530303955,3.8435158729553223,9220,-0.04024576023221016,0.02704956755042076,-0.05407588183879852,-0.03787193447351456,-0.02326246351003647,9220,0.10407797247171402,0.0332367867231369,0.09532865136861801,0.11151871830224991,0.11943819373846054,9220,1.1377480030059814,0.024763256311416626,1.1251487731933594,1.1434063911437988,1.1525870561599731,9220,0.08305960148572922,0.026699086651206017,0.06747110933065414,0.07780682295560837,0.08942052721977234,9220,0.780974268913269,0.049748264253139496,0.7820115685462952,0.7917543649673462,0.8019139170646667,9220,0.9386830925941467,0.024136029183864594,0.9361619353294373,0.9431060552597046,0.948861837387085,9220,1.0106045007705688,0.014283863827586174,1.0043973922729492,1.0085203647613525,1.0134949684143066,9220,0.12032411247491837,0.016602789983153343,0.11058438569307327,0.11931528151035309,0.12592169642448425,9220,0.8594590425491333,0.03320501744747162,0.8619213104248047,0.8666337728500366,0.8740056753158569,9220,726.7064819335938,1.662078857421875,726.4196166992188,726.9055786132812,727.6486206054688,9220
A35,1539,0.6551650762557983,0.022460905835032463,0.6516456604003906,0.6598507165908813,0.6671907901763916,1539,1.7539161443710327,0.10412050038576126,1.7149834632873535,1.7723586559295654,1.8202731609344482,1539,-0.04851517453789711,0.023475686088204384,-0.06059708446264267,-0.047342222183942795,-0.03308777138590813,1539,0.10075674951076508,0.013206547126173973,0.09803912043571472,0.10275416076183319,0.10828955471515656,1539,1.1250542402267456,0.008083694614470005,1.1215673685073853,1.1265534162521362,1.1302530765533447,1539,0.3290863037109375,0.07900926470756531,0.2897734045982361,0.3308447301387787,0.3781190812587738,1539,0.6697125434875488,0.021340075880289078,0.6658845543861389,0.6745522618293762,0.6807578802108765,1539,0.9520889520645142,0.025970786809921265,0.9511656761169434,0.9575133323669434,0.9632916450500488,1539,1.0163835287094116,0.015818124637007713,1.0106258392333984,1.0131473541259766,1.0165858268737793,1539,0.21031397581100464,0.009753000922501087,0.2062728852033615,0.21075333654880524,0.2156957983970642,1539,0.7458798289299011,0.007218154147267342,0.7424312233924866,0.7468893527984619,0.7503961324691772,1539,721.4049072265625,0.2512381970882416,721.2568969726562,721.4520874023438,721.5701904296875,1539
A36,1256,0.6485229134559631,0.029621463268995285,0.6448138356208801,0.6585933566093445,0.6657168865203857,1256,1.7279518842697144,0.14036448299884796,1.699179768562317,1.7731077671051025,1.8144748210906982,1256,-0.05524295195937157,0.024324223399162292,-0.06549705564975739,-0.05105121433734894,-0.03993759676814079,1256,0.09659578651189804,0.016192281618714333,0.09244174510240555,0.10188663750886917,0.10651636123657227,1256,1.1238070726394653,0.010430319234728813,1.1188914775848389,1.1267650127410889,1.131080985069275,1256,0.2831265926361084,0.07858463376760483,0.23653113842010498,0.29749101400375366,0.3380568325519562,1256,0.6637502908706665,0.027802618220448494,0.6613287925720215,0.6735152006149292,0.6794211268424988,1256,0.9421340227127075,0.03053298033773899,0.9404735565185547,0.9533764123916626,0.9591056704521179,1256,1.021264910697937,0.01654043048620224,1.01259446144104,1.016039252281189,1.0215461254119873,1256,0.2041953206062317,0.00970043521374464,0.19890344142913818,0.20518732070922852,0.21119993925094604,1256,0.7463105320930481,0.009948485530912876,0.7444593906402588,0.748863935470581,0.7518998980522156,1256,721.410400390625,0.33681488037109375,721.3326416015625,721.49365234375,721.6124877929688,1256
A37,1485,0.709262490272522,0.015714246779680252,0.7074042558670044,0.7123392820358276,0.7169912457466125,1485,2.2860090732574463,0.11286067217588425,2.251274585723877,2.3113181591033936,2.3515660762786865,1485,-0.03823116794228554,0.019737161695957184,-0.04889450594782829,-0.03664477542042732,-0.02578265219926834,1485,0.12407170981168747,0.01039193943142891,0.12071152776479721,0.12582515180110931,0.12991730868816376,1485,1.1488075256347656,0.0075976732186973095,1.1451308727264404,1.149449348449707,1.1538771390914917,1485,0.20073087513446808,0.03902338072657585,0.17605650424957275,0.20295608043670654,0.22647146880626678,1485,0.727913498878479,0.01498462911695242,0.7246849536895752,0.7303327918052673,0.735430896282196,1485,0.9553526639938354,0.015495662577450275,0.9529286026954651,0.9585267901420593,0.9627397656440735,1485,1.0120798349380493,0.00817163847386837,1.0080561637878418,1.0107340812683105,1.0139274597167969,1485,0.16390717029571533,0.007878117263317108,0.15883176028728485,0.16437596082687378,0.16955089569091797,1485,0.7970564961433411,0.005687486380338669,0.7946084141731262,0.7979293465614319,0.8008268475532532,1485,723.2466430664062,0.2676210105419159,723.1312866210938,723.3112182617188,723.4276123046875,1485
A38,1933,0.7568978071212769,0.045433443039655685,0.7230331897735596,0.7353445291519165,0.8079153895378113,1933,3.329577922821045,1.1932785511016846,2.3735146522521973,2.50518798828125,4.73162317276001,1933,-0.06120441481471062,0.03798263147473335,-0.08407521992921829,-0.054080717265605927,-0.03442066162824631,1933,0.12084759026765823,0.01513940654695034,0.1112932339310646,0.12511985003948212,0.13150890171527863,1933,1.1485499143600464,0.02000606805086136,1.131790041923523,1.1451996564865112,1.1683213710784912,1933,0.2140716165304184,0.09904151409864426,0.1365860253572464,0.2031741887331009,0.26979097723960876,1928,0.763140857219696,0.04057886824011803,0.7329899072647095,0.745189905166626,0.8079153895378113,1933,0.9724389910697937,0.012999608181416988,0.9674462080001831,0.973899781703949,0.9803977608680725,1933,1.0125213861465454,0.005788859911262989,1.008960485458374,1.0116139650344849,1.0145156383514404,1933,0.12267304956912994,0.03379259631037712,0.08448196202516556,0.14085201919078827,0.15076740086078644,1931,0.8353216648101807,0.04264022782444954,0.8007912635803223,0.8088700771331787,0.8863729238510132,1933,725.437255859375,2.7260360717773438,723.2072143554688,723.5909423828125,728.669921875,1933
A39,2576,0.5968384742736816,0.056717924773693085,0.5623297095298767,0.6000300049781799,0.6455724239349365,2565,1.487192988395691,0.2372334748506546,1.3171718120574951,1.4815404415130615,1.7025361061096191,2565,-0.0601828470826149,0.031997762620449066,-0.07965893298387527,-0.05581279098987579,-0.03755485638976097,2565,0.06259593367576599,0.03928811475634575,0.03317968174815178,0.06300181150436401,0.10014694184064865,2565,1.1012461185455322,0.02073037438094616,1.0830531120300293,1.1016868352890015,1.1212921142578125,2565,0.19997234642505646,0.0884176716208458,0.12621411681175232,0.17168715596199036,0.2778577208518982,2565,0.6313095092773438,0.053090889006853104,0.5981462597846985,0.6332667469978333,0.6761528253555298,2565,0.8963623642921448,0.06681752949953079,0.8641632795333862,0.904920756816864,0.9466350078582764,2565,1.0319325923919678,0.05554620921611786,1.0042787790298462,1.02346932888031,1.0475430488586426,2565,0.2087801694869995,0.01659318059682846,0.19373436272144318,0.2120199054479599,0.2226542830467224,2565,0.7272037863731384,0.021838434040546417,0.7168229222297668,0.7295121550559998,0.74290531873703,2565,720.7476196289062,0.6630216240882874,720.3570556640625,720.7717895507812,721.2774658203125,2565
A40,1047,0.6571910977363586,0.016846749931573868,0.6522385478019714,0.6612640023231506,0.6671346426010132,1047,1.7657444477081299,0.08887261152267456,1.7335489988327026,1.7872304916381836,1.82207453250885,1047,-0.05211711674928665,0.020259492099285126,-0.06429485976696014,-0.05266427621245384,-0.03892792388796806,1047,0.10071459412574768,0.010939018800854683,0.09591209888458252,0.10278114676475525,0.10874167084693909,1047,1.1253979206085205,0.008536990731954575,1.1210811138153076,1.1271835565567017,1.1318728923797607,1047,0.3272886276245117,0.08244027197360992,0.2695283889770508,0.32875362038612366,0.37819811701774597,1047,0.6693336963653564,0.014986798167228699,0.6643477082252502,0.6723560094833374,0.678352415561676,1047,0.953633725643158,0.016638103872537613,0.9482076168060303,0.9580298066139221,0.9638137221336365,1047,1.0174269676208496,0.0077031753025949,1.013008952140808,1.0161060094833374,1.019538164138794,1047,0.20351263880729675,0.00828495342284441,0.19817106425762177,0.2031327784061432,0.20889869332313538,1047,0.7471383213996887,0.006182728335261345,0.7447412014007568,0.748199462890625,0.7511306405067444,1047,721.4495849609375,0.21581678092479706,721.34765625,721.49365234375,721.5885620117188,1047
A41,6785,0.737800657749176,0.03465147688984871,0.7296398282051086,0.7437123656272888,0.7575423717498779,6785,3.47072434425354,0.41445285081863403,3.3879051208496094,3.545168876647949,3.6897315979003906,6785,-0.03379117324948311,0.023101381957530975,-0.048628635704517365,-0.03326234593987465,-0.017958680167794228,6785,0.09555375576019287,0.017260264605283737,0.087923564016819,0.09426477551460266,0.10703647881746292,6785,1.1287826299667358,0.012034405022859573,1.1232701539993286,1.129779577255249,1.1353251934051514,6785,0.0760808065533638,0.0196688249707222,0.06592191755771637,0.07264059036970139,0.08086968958377838,6785,0.7892186641693115,0.03579321131110191,0.7834545373916626,0.7945033311843872,0.8055549263954163,6785,0.9348611831665039,0.01406495738774538,0.9300258159637451,0.9368179440498352,0.9430427551269531,6785,1.0039669275283813,0.0067763375118374825,0.9998108744621277,1.0034425258636475,1.007021188735962,6785,0.12006949633359909,0.020795827731490135,0.11217179149389267,0.11657045036554337,0.1214112788438797,6785,0.8610108494758606,0.02543223462998867,0.8606064319610596,0.8654648065567017,0.870117723941803,6785,726.8305053710938,1.189721941947937,726.7852172851562,727.001220703125,727.251953125,6785
A42,2245,0.6769200563430786,0.026243694126605988,0.6761711835861206,0.6831419467926025,0.68878573179245,2245,1.9932706356048584,0.14272572100162506,1.9802494049072266,2.026764154434204,2.066321849822998,2245,-0.022327525541186333,0.019344758242368698,-0.03008454665541649,-0.019717734307050705,-0.01051220390945673,2245,0.1115279346704483,0.02197878807783127,0.1138439029455185,0.11885958164930344,0.12215287238359451,2245,1.1268134117126465,0.014540378004312515,1.1265593767166138,1.1317354440689087,1.1347601413726807,2245,0.1716994196176529,0.03598075360059738,0.15611478686332703,0.1777859479188919,0.19537483155727386,2245,0.727891206741333,0.024077653884887695,0.7264012098312378,0.7327238917350769,0.739081084728241,2245,0.9317451119422913,0.02840939722955227,0.9313336610794067,0.9398332238197327,0.9442794322967529,2245,1.0004256963729858,0.014605878852307796,0.9945790767669678,0.996959924697876,0.9999382495880127,2245,0.19398383796215057,0.014038899913430214,0.18801550567150116,0.19746026396751404,0.20338310301303864,2245,0.7794928550720215,0.006896586623042822,0.7768309116363525,0.7803430557250977,0.7835623621940613,2245,722.4413452148438,0.29560375213623047,722.35888671875,722.51318359375,722.61865234375,2245
A43,2542,0.7066552639007568,0.009151383303105831,0.7013653516769409,0.7070902585983276,0.7129521369934082,2542,2.3268373012542725,0.08069847524166107,2.2662060260772705,2.329041004180908,2.388739824295044,2542,-0.019382188096642494,0.016437703743577003,-0.03022344596683979,-0.019010603427886963,-0.007623970042914152,2542,0.09079458564519882,0.0067658997140824795,0.08540405333042145,0.090237095952034,0.09662887454032898,2542,1.1070144176483154,0.007633439730852842,1.100858211517334,1.106183409690857,1.1138174533843994,2542,0.10421346127986908,0.013959378935396671,0.09443958103656769,0.10317636281251907,0.11356867104768753,2542,0.770836591720581,0.01192602887749672,0.7631491422653198,0.7720677852630615,0.7795813083648682,2542,0.9338136911392212,0.008554617874324322,0.9297672510147095,0.9345766305923462,0.9394820928573608,2542,0.9929131865501404,0.005253042560070753,0.9893280267715454,0.9921671748161316,0.9957790374755859,2542,0.1381440907716751,0.005399771966040134,0.13480731844902039,0.13854265213012695,0.14175251126289368,2542,0.8127174377441406,0.004677669145166874,0.8092362880706787,0.8130360841751099,0.8162403106689453,2542,723.3639526367188,0.2230127602815628,723.2011108398438,723.3667602539062,723.532958984375,2542
A44,3621,0.7266250848770142,0.021956488490104675,0.7113557457923889,0.723442792892456,0.7448094487190247,3621,2.632262945175171,0.2662018835544586,2.4043383598327637,2.5851151943206787,2.860318422317505,3621,-0.016356227919459343,0.020930692553520203,-0.028531422838568687,-0.015711747109889984,-0.0033309657592326403,3621,0.10225909948348999,0.012321770191192627,0.0923125296831131,0.10150019824504852,0.11114668101072311,3621,1.1171088218688965,0.009652281180024147,1.109520673751831,1.1158658266067505,1.1240851879119873,3621,0.08773831278085709,0.015922363847494125,0.07617877423763275,0.08751098066568375,0.09976762533187866,3621,0.7953999638557434,0.02449660375714302,0.7765944600105286,0.7944526672363281,0.8160214424133301,3621,0.9357132911682129,0.013816147111356258,0.9317899942398071,0.9380441904067993,0.9434468746185303,3621,0.9909617304801941,0.0074895103462040424,0.986552894115448,0.9895010590553284,0.9935113787651062,3621,0.12401343882083893,0.01430877111852169,0.11092286556959152,0.12248192727565765,0.13738617300987244,3621,0.8308376669883728,0.013110077008605003,0.8188198804855347,0.8292022943496704,0.8429705500602722,3621,724.2568359375,0.6210034489631653,723.6792602539062,724.1669921875,724.8123779296875,3621
A45,3693,0.7610946893692017,0.03433755040168762,0.7577444911003113,0.7673646211624146,0.7772209048271179,3693,3.974973678588867,0.4232601225376129,3.8321194648742676,4.020447254180908,4.233865261077881,3693,-0.022845670580863953,0.022727616131305695,-0.0353921614587307,-0.020580921322107315,-0.00743085378780961,3693,0.14271607995033264,0.019163429737091064,0.13564401865005493,0.14504025876522064,0.15296971797943115,3693,1.1684246063232422,0.014346370473504066,1.1615691184997559,1.170603632926941,1.177160620689392,3693,0.053408894687891006,0.00913915503770113,0.04696514457464218,0.05272252857685089,0.059038255363702774,3693,0.8350551724433899,0.03253137320280075,0.8294519782066345,0.8420265316963196,0.8499922156333923,3693,0.927495002746582,0.028263680636882782,0.9237334132194519,0.9329077005386353,0.940704345703125,3693,0.9975582361221313,0.014572777785360813,0.9906960725784302,0.9949802160263062,1.000228762626648,3693,0.10327772051095963,0.008950249291956425,0.097353994846344,0.10265814512968063,0.10850456357002258,3693,0.8819793462753296,0.011712121777236462,0.8780655860900879,0.8833588361740112,0.8888532519340515,3693,728.1543579101562,0.766920804977417,727.7182006835938,728.2232666015625,728.7317504882812,3693
A46,1749,0.727273166179657,0.019282469525933266,0.7180508375167847,0.725399911403656,0.7405508756637573,1749,2.464938163757324,0.190292626619339,2.3352901935577393,2.412592887878418,2.6255338191986084,1749,-0.008085555396974087,0.01799532026052475,-0.016898080706596375,-0.0067571308463811874,0.0026367008686065674,1749,0.13560351729393005,0.00915705505758524,0.13170480728149414,0.13693928718566895,0.14105378091335297,1749,1.1475476026535034,0.005341091193258762,1.1443121433258057,1.148026943206787,1.1514220237731934,1749,0.15204758942127228,0.025265248492360115,0.13435739278793335,0.152781143784523,0.16945025324821472,1749,0.7786999940872192,0.020353717729449272,0.7682710289955139,0.7782136797904968,0.7931609749794006,1749,0.9517523050308228,0.016135651618242264,0.9510879516601562,0.9536610841751099,0.9561043977737427,1749,0.9924572110176086,0.009339109994471073,0.9895685315132141,0.991425633430481,0.993567168712616,1749,0.16262757778167725,0.014973737299442291,0.14777179062366486,0.16814008355140686,0.1755899339914322,1749,0.8119149208068848,0.011469973251223564,0.8033016324043274,0.8089949488639832,0.8224581480026245,1749,723.5850219726562,0.46881580352783203,723.2399291992188,723.44580078125,724.0149536132812,1749
A47,1516,0.6923344135284424,0.010673160664737225,0.6867245435714722,0.6920523643493652,0.7003544569015503,1516,2.0962374210357666,0.06927226483821869,2.056703567504883,2.092334747314453,2.1422083377838135,1516,-0.012336524203419685,0.016216013580560684,-0.02088223397731781,-0.011155202984809875,-0.002262555295601487,1516,0.1172725111246109,0.006982534658163786,0.11357641220092773,0.11735784262418747,0.12190069258213043,1516,1.1332168579101562,0.003959981258958578,1.1306477785110474,1.1334285736083984,1.1359996795654297,1516,0.15982165932655334,0.018662402406334877,0.15000362694263458,0.1609557569026947,0.17179183661937714,1516,0.7478064298629761,0.011070659384131432,0.7420651912689209,0.7478386163711548,0.7556846141815186,1516,0.9387416243553162,0.010698214173316956,0.9358535408973694,0.9405455589294434,0.9444030523300171,1516,0.994065523147583,0.005568550433963537,0.9907938838005066,0.9932270646095276,0.9960072040557861,1516,0.1857479363679886,0.006586435250937939,0.18277829885482788,0.18628773093223572,0.1895604431629181,1516,0.7881395816802979,0.0043144505470991135,0.7852861881256104,0.7878028750419617,0.7912542223930359,1516,722.7158813476562,0.17984862625598907,722.5979614257812,722.70947265625,722.83251953125,1516
A48,1574,0.6761950850486755,0.013907607644796371,0.6704015731811523,0.6787027716636658,0.6855734586715698,1574,1.9642505645751953,0.09072074294090271,1.9231364727020264,1.9765830039978027,2.021724224090576,1574,-0.02485842816531658,0.016851026564836502,-0.03394235670566559,-0.023057710379362106,-0.013653474859893322,1574,0.08867918699979782,0.009567424654960632,0.08305845409631729,0.08876589685678482,0.09505482017993927,1574,1.1099419593811035,0.0058067855425179005,1.1058963537216187,1.109727144241333,1.1136953830718994,1574,0.14441022276878357,0.022098135203123093,0.12880320847034454,0.14446832239627838,0.1598050594329834,1574,0.7295557260513306,0.01332887914031744,0.7241427898406982,0.7316723465919495,0.7380763292312622,1574,0.9286348819732666,0.013743785209953785,0.9223503470420837,0.9313462376594543,0.9383498430252075,1574,1.0005130767822266,0.006108250934630632,0.9968997836112976,0.9994271397590637,1.0024869441986084,1574,0.17927893996238708,0.007853662595152855,0.17478524148464203,0.179679274559021,0.18462170660495758,1574,0.7796159982681274,0.006886025425046682,0.7778021097183228,0.7810162305831909,0.7836834192276001,1574,722.3073120117188,0.27663862705230713,722.1932373046875,722.35498046875,722.470703125,1574
A49,1182,0.6801732778549194,0.0167267844080925,0.6720695495605469,0.6816117763519287,0.6909504532814026,1182,2.0033693313598633,0.11892352253198624,1.9297466278076172,2.0099058151245117,2.0835375785827637,1182,-0.018585285171866417,0.01710641011595726,-0.0289839506149292,-0.017735274508595467,-0.007018190808594227,1182,0.10053875297307968,0.01185693684965372,0.09561547636985779,0.10352852195501328,0.10788250714540482,1182,1.1204910278320312,0.00814952701330185,1.1159236431121826,1.1219724416732788,1.1262298822402954,1182,0.1480036824941635,0.020411549136042595,0.13704001903533936,0.14938795566558838,0.16144536435604095,1182,0.7357298731803894,0.016084959730505943,0.7270636558532715,0.7368437647819519,0.7461321353912354,1182,0.929015576839447,0.014642136171460152,0.924642026424408,0.9326035976409912,0.9373123645782471,1182,0.9986627101898193,0.0068230708129704,0.995151937007904,0.9973491430282593,1.0004109144210815,1182,0.18551994860172272,0.009829046204686165,0.17860257625579834,0.18745964765548706,0.19291731715202332,1182,0.7828564643859863,0.008494536392390728,0.7762995958328247,0.7827723026275635,0.7904337644577026,1182,722.4453125,0.33290931582450867,722.1939086914062,722.4531860351562,722.7169799804688,1182
A50,2437,0.740984320640564,0.016619931906461716,0.7316970825195312,0.7440047860145569,0.7542572021484375,2437,2.732804536819458,0.14155027270317078,2.6480069160461426,2.7663376331329346,2.8440778255462646,2437,-0.006981631740927696,0.016447119414806366,-0.017427684739232063,-0.006780072581022978,0.004232683684676886,2437,0.11818863451480865,0.01352233812212944,0.10788922011852264,0.11988217383623123,0.13055317103862762,2437,1.1294864416122437,0.010302502661943436,1.1212873458862305,1.1305960416793823,1.1383240222930908,2437,0.09945151209831238,0.019202956929802895,0.08549492061138153,0.09617561101913452,0.11102791875600815,2437,0.805905282497406,0.012299658730626106,0.8014033436775208,0.8083908557891846,0.8134345412254333,2437,0.9406592845916748,0.014394965954124928,0.9317416548728943,0.9413098692893982,0.9523959159851074,2437,0.9916643500328064,0.004145519807934761,0.9892554879188538,0.9912207126617432,0.9934642910957336,2437,0.1381465345621109,0.006938865873962641,0.13370777666568756,0.1379707008600235,0.14271679520606995,2437,0.8345566987991333,0.005461362190544605,0.8325035572052002,0.8356201648712158,0.8379441499710083,2437,724.5470581054688,0.24219489097595215,724.4236450195312,724.580322265625,724.709228515625,2437
A51,1446,0.7511435151100159,0.01007006037980318,0.749158501625061,0.7535061240196228,0.756613552570343,1446,2.843414306640625,0.09823570400476456,2.8220224380493164,2.864309310913086,2.8985228538513184,1446,-0.000629774178378284,0.0145884333178401,-0.009931225329637527,0.000573432189412415,0.009243834763765335,1446,0.13019216060638428,0.005447959061712027,0.12911207973957062,0.13137614727020264,0.13318699598312378,1446,1.1393556594848633,0.004939931910485029,1.1374719142913818,1.140162467956543,1.1424602270126343,1446,0.11085104942321777,0.015393971465528011,0.09991221129894257,0.10982964932918549,0.12068653106689453,1446,0.8126428127288818,0.00890654418617487,0.8096136450767517,0.8139997720718384,0.8178648948669434,1446,0.9496827125549316,0.008239149115979671,0.9464040994644165,0.9508045315742493,0.9546689391136169,1446,0.9895500540733337,0.0030753868632018566,0.9876594543457031,0.9895120859146118,0.991102933883667,1446,0.14305409789085388,0.006396261975169182,0.13849115371704102,0.14312174916267395,0.14741632342338562,1446,0.8376399278640747,0.004320728592574596,0.8362115621566772,0.8386944532394409,0.8402726650238037,1446,724.7775268554688,0.20962756872177124,724.7100830078125,724.8108520507812,724.8998413085938,1446
A52,2604,0.7278355956077576,0.03421192988753319,0.7280540466308594,0.7397842407226562,0.7443058490753174,2604,2.899582862854004,0.4684837758541107,2.7376389503479004,2.819544553756714,3.3188483715057373,2604,-0.016892917454242706,0.017955396324396133,-0.026765309274196625,-0.015468576923012733,-0.005096533335745335,2604,0.11516992002725601,0.011620528064668179,0.11139741539955139,0.11508544534444809,0.12154989689588547,2604,1.1313287019729614,0.014686189591884613,1.1206529140472412,1.124345064163208,1.1452566385269165,2604,0.08238507062196732,0.03917889669537544,0.059903401881456375,0.07623365521430969,0.08800023794174194,2604,0.80303955078125,0.03916183486580849,0.8032764196395874,0.8130736351013184,0.8222554326057434,2604,0.9258715510368347,0.01741267554461956,0.9200049042701721,0.9299846887588501,0.9366508722305298,2604,0.9931925535202026,0.007950464263558388,0.9890521168708801,0.9915239214897156,0.994681715965271,2604,0.13124772906303406,0.03341952711343765,0.11769284307956696,0.12358832359313965,0.12904947996139526,2604,0.8417146801948547,0.02925637550652027,0.8386911153793335,0.8426119089126587,0.8632116317749023,2604,725.0973510742188,1.4322278499603271,724.6295166015625,724.8111572265625,726.429931640625,2604
A53,3768,0.7378150224685669,0.00793730653822422,0.7347559928894043,0.7384840846061707,0.7419988512992859,3768,3.6006829738616943,0.15331076085567474,3.5391297340393066,3.6225154399871826,3.6877620220184326,3768,-0.03998257592320442,0.022379180416464806,-0.053853120654821396,-0.03846586495637894,-0.024884700775146484,3768,0.10217629373073578,0.008622470311820507,0.09828048944473267,0.10391611605882645,0.10820427536964417,3768,1.1471024751663208,0.008047569543123245,1.1442184448242188,1.149100661277771,1.1526292562484741,3768,0.05273912474513054,0.009285595268011093,0.04634890332818031,0.050862934440374374,0.05700959265232086,3768,0.792458176612854,0.01492075901478529,0.7839741110801697,0.7950109243392944,0.8030919432640076,3768,0.9197465181350708,0.008866257965564728,0.9144047498703003,0.9186580777168274,0.9237974882125854,3768,1.011468529701233,0.006045902613550425,1.0072954893112183,1.0109033584594727,1.0150412321090698,3768,0.10081885010004044,0.006529279053211212,0.09659741818904877,0.1001686304807663,0.10432862490415573,3768,0.8740870356559753,0.006698683835566044,0.8709241151809692,0.875734806060791,0.878402829170227,3768,727.7076416015625,0.5527558326721191,727.4337158203125,727.8975830078125,728.0659790039062,3768
A54,922,0.7092134356498718,0.009059485979378223,0.704373300075531,0.7100610136985779,0.7153112888336182,922,2.365802049636841,0.06337311118841171,2.333940267562866,2.37027645111084,2.4063880443573,922,-0.01704096421599388,0.015847889706492424,-0.027174845337867737,-0.017254648730158806,-0.0057741329073905945,922,0.12099089473485947,0.0057858657091856,0.11799471080303192,0.12165984511375427,0.1249648779630661,922,1.139575481414795,0.0037928419187664986,1.137523889541626,1.1400816440582275,1.141998529434204,922,0.10829093307256699,0.012962727807462215,0.09918185323476791,0.1084127426147461,0.11666987836360931,922,0.7631823420524597,0.008730473928153515,0.7589317560195923,0.7643818259239197,0.7689293026924133,922,0.9282309412956238,0.009588172659277916,0.9230836629867554,0.9296232461929321,0.9345189332962036,922,1.002835988998413,0.004935011733323336,0.999934732913971,1.002169132232666,1.0050373077392578,922,0.15364213287830353,0.005813132505863905,0.1500268131494522,0.1535249948501587,0.15718945860862732,922,0.8140537738800049,0.0028407773934304714,0.8122535943984985,0.8141684532165527,0.8159447312355042,922,723.6121215820312,0.13808754086494446,723.5144653320312,723.6137084960938,723.7006225585938,922
A55,2922,0.7720198035240173,0.01745561696588993,0.7708739638328552,0.7755053043365479,0.7792806625366211,2922,4.077080249786377,0.23590105772018433,4.050887107849121,4.123298168182373,4.19328498840332,2922,-0.05736995115876198,0.023269662633538246,-0.07213746756315231,-0.055411212146282196,-0.04188935458660126,2922,0.14215588569641113,0.00974672194570303,0.13972733914852142,0.14388611912727356,0.14731554687023163,2922,1.1742092370986938,0.008130654692649841,1.1696842908859253,1.1741410493850708,1.1798951625823975,2922,0.08248085528612137,0.015108084306120872,0.07165718823671341,0.08158093690872192,0.09141667187213898,2922,0.7878220677375793,0.01534074917435646,0.7837649583816528,0.7898328900337219,0.7959086298942566,2922,0.9496129751205444,0.014739211648702621,0.9466325044631958,0.952101469039917,0.9570901393890381,2922,1.0191560983657837,0.006976353004574776,1.014980673789978,1.0185010433197021,1.0222578048706055,2922,0.11034563928842545,0.005672899074852467,0.10661981999874115,0.11018940806388855,0.11403720825910568,2922,0.8786134719848633,0.0058409976772964,0.8775912523269653,0.879525899887085,0.8811877965927124,2922,728.3355712890625,0.35374578833580017,728.239013671875,728.3878173828125,728.513671875,2922
A56,1621,0.7710399031639099,0.01615963876247406,0.7700838446617126,0.7735272645950317,0.7767859697341919,1621,4.152123928070068,0.23787659406661987,4.129473686218262,4.195910453796387,4.253602027893066,1621,-0.04191012308001518,0.019230572506785393,-0.05384631082415581,-0.04187704250216484,-0.030078455805778503,1621,0.16232919692993164,0.015233186073601246,0.15871278941631317,0.1633814126253128,0.17026102542877197,1621,1.1929402351379395,0.013724971562623978,1.1869369745254517,1.192893147468567,1.2024939060211182,1621,0.08091999590396881,0.011926216073334217,0.07218175381422043,0.07998345047235489,0.08826247602701187,1621,0.7970702052116394,0.015179017558693886,0.7942681908607483,0.7990688681602478,0.8033912777900696,1621,0.9469321966171265,0.009821480140089989,0.944193959236145,0.9480006098747253,0.9517236351966858,1621,1.0141688585281372,0.005021015647798777,1.0113693475723267,1.0136922597885132,1.0164395570755005,1621,0.11617148667573929,0.006366918329149485,0.11191681027412415,0.11579272150993347,0.12026935070753098,1621,0.8806275129318237,0.007017005234956741,0.8797541856765747,0.8817758560180664,0.8835694193840027,1621,728.8449096679688,0.4644906520843506,728.7656860351562,728.9424438476562,729.0691528320312,1621
A57,1208,0.7447666525840759,0.02531234733760357,0.7469354867935181,0.7519820928573608,0.756537675857544,1208,3.373518943786621,0.36850786209106445,3.4036855697631836,3.484342575073242,3.5484962463378906,1208,-0.041785042732954025,0.021828660741448402,-0.053028661757707596,-0.040516071021556854,-0.028139691799879074,1208,0.0867067351937294,0.01749870367348194,0.08921969681978226,0.09205082058906555,0.09397377073764801,1208,1.1174694299697876,0.012352069839835167,1.1180697679519653,1.1206691265106201,1.1227703094482422,1208,0.0985729917883873,0.0400925949215889,0.08114702999591827,0.09094882011413574,0.10280121862888336,1208,0.7751988768577576,0.028742358088493347,0.7765701413154602,0.783352255821228,0.7878279089927673,1208,0.948895275592804,0.009629631415009499,0.944249153137207,0.9491360187530518,0.9541481733322144,1208,1.009414792060852,0.004682306665927172,1.0061825513839722,1.0087692737579346,1.0119205713272095,1208,0.12363726645708084,0.010780425742268562,0.11938506364822388,0.12447617202997208,0.1296018809080124,1207,0.8551159501075745,0.021119970828294754,0.858409583568573,0.8613409996032715,0.8634196519851685,1208,726.1281127929688,0.8824662566184998,726.2100219726562,726.3914184570312,726.523681640625,1208
A58,1800,0.743139386177063,0.02599387988448143,0.7273333072662354,0.7437700033187866,0.7613901495933533,1800,3.64676570892334,0.3993377387523651,3.377615451812744,3.6433238983154297,3.9461278915405273,1800,-0.043930090963840485,0.023350685834884644,-0.05759336054325104,-0.04266626387834549,-0.028268063440918922,1800,0.11785586923360825,0.018362337723374367,0.10375459492206573,0.11899159103631973,0.1332402527332306,1800,1.1607662439346313,0.015369093976914883,1.1487336158752441,1.1614271402359009,1.1738113164901733,1800,0.05934169888496399,0.010130468755960464,0.05318126827478409,0.05823995918035507,0.06479351222515106,1800,0.7952894568443298,0.01984337903559208,0.7849097847938538,0.7974438667297363,0.8076785802841187,1800,0.926430344581604,0.019738387316465378,0.9158820509910583,0.927480936050415,0.9402884244918823,1800,1.0091195106506348,0.007746253628283739,1.0046511888504028,1.008291244506836,1.0115646123886108,1800,0.10157287865877151,0.006739921867847443,0.09712156653404236,0.10075369477272034,0.10550176352262497,1800,0.8709147572517395,0.009501616470515728,0.8662400841712952,0.8720271587371826,0.8773928880691528,1800,727.4655151367188,0.761611819267273,727.028564453125,727.515380859375,728.10400390625,1800
A59,1199,0.6307103037834167,0.043816789984703064,0.6043035984039307,0.6333940625190735,0.6637073755264282,1199,2.019517421722412,0.3032605051994324,1.8139461278915405,2.006268262863159,2.2423195838928223,1199,-0.06695002317428589,0.02289767563343048,-0.07922273874282837,-0.06480233371257782,-0.052348874509334564,1199,0.04122243821620941,0.027632977813482285,0.020876828581094742,0.038758426904678345,0.06142207235097885,1199,1.1020939350128174,0.017643561586737633,1.0889309644699097,1.1007951498031616,1.115019679069519,1199,0.09372160583734512,0.01926691085100174,0.08000068366527557,0.08944704383611679,0.10446995496749878,1199,0.6566115021705627,0.043769050389528275,0.629567563533783,0.66265869140625,0.6905297636985779,1199,0.874091625213623,0.040085569024086,0.8511626720428467,0.8766356706619263,0.9041051864624023,1199,1.0561102628707886,0.02626030147075653,1.0365501642227173,1.0512030124664307,1.0692960023880005,1199,0.17106518149375916,0.00677667697891593,0.1666037142276764,0.17065338790416718,0.17483603954315186,1199,0.795262336730957,0.015974847599864006,0.7868637442588806,0.7969829440116882,0.8076133728027344,1199,722.7024536132812,0.6419299244880676,722.3148193359375,722.7069702148438,723.1846923828125,1199
A60,2306,0.688772976398468,0.014989208430051804,0.6850000023841858,0.6928173899650574,0.6980195641517639,2306,2.026761770248413,0.0919996127486229,1.9896169900894165,2.048715114593506,2.0858888626098633,2306,-0.04776236414909363,0.022167300805449486,-0.05793939530849457,-0.046079590916633606,-0.03392890840768814,2306,0.09970631450414658,0.009192963130772114,0.09572841227054596,0.10151500999927521,0.10561413317918777,2306,1.123136043548584,0.0065996767953038216,1.1197340488433838,1.124070644378662,1.1277296543121338,2306,0.23922522366046906,0.05641498044133186,0.2070150226354599,0.23872393369674683,0.273346871137619,2306,0.70235675573349,0.01504155620932579,0.6968116164207458,0.7050331830978394,0.7117131948471069,2306,0.9530763030052185,0.0160088911652565,0.9496115446090698,0.9570633172988892,0.9625645279884338,2306,1.0180549621582031,0.009329725988209248,1.01251220703125,1.016305923461914,1.020848035812378,2306,0.17442816495895386,0.008182423189282417,0.1696876734495163,0.17531713843345642,0.1799916923046112,2306,0.7777940034866333,0.005118940956890583,0.7752028703689575,0.7784630656242371,0.7810866832733154,2306,722.31982421875,0.1972838044166565,722.210693359375,722.343017578125,722.4520263671875,2306
A61,963,0.47854316234588623,0.026180554181337357,0.4647371470928192,0.47746843099594116,0.5008416175842285,963,1.1872442960739136,0.10974332690238953,1.1272754669189453,1.178126335144043,1.2749756574630737,963,-0.12550677359104156,0.01233757846057415,-0.13364261388778687,-0.12598814070224762,-0.11764909327030182,963,0.03713687136769295,0.015146705321967602,0.026899229735136032,0.03924344852566719,0.05002908036112785,963,1.0926408767700195,0.009159504435956478,1.0863230228424072,1.0932873487472534,1.09965181350708,963,0.11816533654928207,0.01217810157686472,0.11076554656028748,0.11942293494939804,0.1268811821937561,963,0.49597281217575073,0.024993615224957466,0.48303449153900146,0.4948289692401886,0.5158646106719971,963,0.7949572205543518,0.023388443514704704,0.7830092906951904,0.7960419654846191,0.8126699924468994,963,1.1143460273742676,0.015215214341878891,1.1031160354614258,1.112390160560608,1.1209732294082642,963,0.23556262254714966,0.012264108285307884,0.2275431603193283,0.23651409149169922,0.24370726943016052,963,0.7045028209686279,0.01529355812817812,0.6945129632949829,0.7041398882865906,0.7150847911834717,963,720.0043334960938,0.587058961391449,719.6437377929688,720.0303344726562,720.3952026367188,963
A62,837,0.5553572177886963,0.035124655812978745,0.5152129530906677,0.5621788501739502,0.5870591402053833,837,1.5988523960113525,0.19399747252464294,1.3704655170440674,1.6474192142486572,1.7751638889312744,837,-0.11665935069322586,0.015236377716064453,-0.12734733521938324,-0.1163937896490097,-0.10611367225646973,837,0.07012643665075302,0.01662815734744072,0.052951425313949585,0.07198937982320786,0.08312459290027618,837,1.11286461353302,0.01143149845302105,1.1010892391204834,1.1141750812530518,1.1223039627075195,837,0.11412786692380905,0.015239096246659756,0.10611946135759354,0.11266482621431351,0.12014958262443542,837,0.5655435919761658,0.03199245035648346,0.5319413542747498,0.5682787895202637,0.5958693027496338,837,0.8432195782661438,0.030370986089110374,0.8131956458091736,0.8454160690307617,0.8692829012870789,837,1.090781331062317,0.01763661950826645,1.0758723020553589,1.0900624990463257,1.1043497323989868,837,0.20045071840286255,0.014215834438800812,0.19020308554172516,0.19501268863677979,0.2124921828508377,837,0.7558029890060425,0.017965124920010567,0.738415002822876,0.7617729902267456,0.7699106335639954,837,721.8870239257812,0.6620177030563354,721.3217163085938,722.0975341796875,722.4197998046875,837
A63,2366,0.6850342154502869,0.01644819788634777,0.6789897680282593,0.6872511506080627,0.694599986076355,2366,2.103020191192627,0.09314320981502533,2.0657413005828857,2.1120619773864746,2.158109426498413,2366,-0.0454726479947567,0.01853390410542488,-0.055330682545900345,-0.04385436698794365,-0.03376568853855133,2366,0.11728929728269577,0.010153645649552345,0.11265309154987335,0.11862248927354813,0.12381583452224731,2366,1.1418578624725342,0.006739652715623379,1.1388280391693115,1.1426136493682861,1.146371841430664,2366,0.150689035654068,0.026116857305169106,0.13399313390254974,0.1488901674747467,0.16790369153022766,2366,0.7124013900756836,0.015671083703637123,0.7069716453552246,0.7146151065826416,0.7213177680969238,2366,0.9305765628814697,0.018196869641542435,0.9248728156089783,0.9327800869941711,0.940893292427063,2366,1.0201436281204224,0.010862501338124275,1.0147308111190796,1.0188202857971191,1.0230785608291626,2366,0.17537495493888855,0.006984247826039791,0.17149502038955688,0.17612439393997192,0.18040162324905396,2366,0.7903524041175842,0.0043001603335142136,0.7879073619842529,0.7905694246292114,0.7933608293533325,2366,722.9278564453125,0.1786937266588211,722.8267822265625,722.9431762695312,723.0475463867188,2366
A64,4228,0.7649056315422058,0.0327683724462986,0.7419109344482422,0.7666772603988647,0.7938831448554993,4228,3.872235059738159,0.5713621973991394,3.4624767303466797,3.844559669494629,4.414112091064453,4228,-0.02989082783460617,0.022612277418375015,-0.045814596116542816,-0.0292513445019722,-0.013255532830953598,4228,0.1355200856924057,0.03184754028916359,0.11384135484695435,0.14376968145370483,0.1600790172815323,4228,1.1655906438827515,0.028648218140006065,1.140790343284607,1.1695795059204102,1.192969799041748,4228,0.08059464395046234,0.01639169082045555,0.06916122883558273,0.07929807901382446,0.09021375328302383,4228,0.8092638850212097,0.03353280946612358,0.7830429077148438,0.8121814131736755,0.8386533260345459,4228,0.9449645280838013,0.018542455509305,0.9336613416671753,0.9457473754882812,0.9594600796699524,4228,1.0046504735946655,0.009698786772787571,0.9964916706085205,1.0037096738815308,1.0119760036468506,4228,0.11911743879318237,0.011721285060048103,0.11176304519176483,0.11920973658561707,0.12638847529888153,4228,0.8720731139183044,0.01402134820818901,0.8637981414794922,0.8719850778579712,0.8846694231033325,4228,727.369384765625,1.042223572731018,726.6552734375,727.3370361328125,728.2989501953125,4228
A65,3244,0.4959470331668854,0.03128528594970703,0.47189438343048096,0.5027620792388916,0.5160136222839355,3244,1.2139028310775757,0.0997646301984787,1.141813039779663,1.2308014631271362,1.2764368057250977,3244,-0.11689451336860657,0.03176291286945343,-0.13722199201583862,-0.11462816596031189,-0.09538821130990982,3244,-0.10107388347387314,0.02093358524143696,-0.11583670228719711,-0.0993284285068512,-0.09156805276870728,3244,1.0046803951263428,0.011120777577161789,0.9969682693481445,1.005706548690796,1.0098198652267456,3244,0.07904557138681412,0.017421163618564606,0.0669487714767456,0.07669796049594879,0.08747874945402145,3244,0.5290578603744507,0.021962884813547134,0.5165246725082397,0.5298895239830017,0.5418163537979126,3244,0.8427496552467346,0.03879399970173836,0.8133634924888611,0.8524229526519775,0.8704673051834106,3244,1.0599530935287476,0.013583102263510227,1.05116868019104,1.0584995746612549,1.066818118095398,3244,0.13001155853271484,0.01510226633399725,0.12042449414730072,0.12692677974700928,0.13818293809890747,3244,0.7113461494445801,0.007499451283365488,0.706672191619873,0.7112455368041992,0.7159303426742554,3244,720.4132080078125,0.32896888256073,720.2032470703125,720.429443359375,720.632080078125,3244
A66,6017,0.6833611130714417,0.03544352948665619,0.6747587323188782,0.6886201500892639,0.7004231214523315,6017,2.1112587451934814,0.2294207662343979,1.992797613143921,2.108543634414673,2.2115728855133057,6017,-0.023590005934238434,0.024141350761055946,-0.03144403547048569,-0.018736209720373154,-0.008992889896035194,6017,0.11594246327877045,0.022110270336270332,0.10791799426078796,0.12079280614852905,0.1303117275238037,6017,1.1295275688171387,0.012968344613909721,1.1205686330795288,1.1324265003204346,1.1390067338943481,6017,0.149274542927742,0.0353114977478981,0.13052822649478912,0.15236105024814606,0.17343780398368835,6017,0.7409734725952148,0.03420042619109154,0.7330166101455688,0.7444363236427307,0.7560540437698364,6017,0.92857426404953,0.036868009716272354,0.9272218942642212,0.9372522830963135,0.9452109932899475,6017,0.9986622929573059,0.02472689561545849,0.9908743500709534,0.9936785101890564,0.997606098651886,6017,0.17817439138889313,0.016996273770928383,0.17399238049983978,0.1824137568473816,0.18887336552143097,6017,0.7913611531257629,0.014530185610055923,0.7829157710075378,0.7895509600639343,0.7968723177909851,6017,722.8670654296875,0.5800045728683472,722.4885864257812,722.7977905273438,723.0924682617188,6017
