wavelength_nm,VIP_Cab_ugcm2,VIP_N_relativo,VIP_H2O_relativo,VIP_Efic_fotosin,VIP_Biomasa_rel,VIP_Estres_car
376.44,1.201221942371898,1.2009811406313489,1.3466471747307274,1.844557725651751,0.6170462686507869,1.7545515902859792
381.41,1.1884877238248674,1.1878817389536893,1.3405990812461843,1.8548158461046484,0.6169318839585728,1.7536444519180379
386.38,1.1740530387366623,1.1728721150948695,1.3199403728041152,1.8334249107276825,0.627955736739094,1.7319193822858718
391.35,1.1763129480060583,1.1759182418161214,1.3193098720186431,1.8372964056711487,0.6312332145887889,1.7356949908378392
396.32,1.1585729670629654,1.157979040393882,1.3064911986355918,1.797237714447327,0.6554894624952556,1.7000534753284884
401.29,1.1711084831449716,1.1738925234472692,1.3058139665058697,1.7982873548482405,0.6655399739429492,1.7085998610071544
406.26,1.151037347710231,1.1516161068808428,1.2922369648261798,1.7854136725251066,0.6809359439600946,1.6878429264552393
411.23,1.1429133232000614,1.1391258518430376,1.2630704707686289,1.7563828818640383,0.7059544767613627,1.6577733074860284
416.21,1.1441451428917804,1.1361770239572406,1.2396077347997767,1.7636650265636282,0.7084361648657912,1.654311331890887
421.18,1.1444165371402992,1.1291705584924845,1.2120416546368837,1.7712304526028024,0.7078618472230809,1.6461999881990474
426.16,1.1362703874689288,1.114605067657839,1.1978751546002016,1.7678567989314422,0.7044363101623402,1.6333230522441644
431.14,1.1481287603905928,1.1169080952057875,1.162772490683706,1.769173592960453,0.7012984113250884,1.6150969439030456
436.12,1.1404139676844998,1.0978751832909768,1.1320266814905129,1.7818880696516666,0.6826376450459519,1.594219643832656
441.1,1.1392866651618063,1.0857157472756858,1.0938355018498414,1.7600262544250174,0.6925936606931107,1.5586253706730957
446.08,1.1395303440277158,1.0864663644562327,1.0922744199121504,1.7526652865029653,0.698215002762982,1.551303088511341
451.06,1.1435449708267844,1.077904041873536,1.0514344169480638,1.7341504496272544,0.7020485963524976,1.5132385047099433
456.04,1.1331173962921341,1.0544717171322189,1.0139353954803705,1.715610058840282,0.7111411669773228,1.471991676130052
461.02,1.119036694723874,1.0339549276754236,1.000661362411679,1.6939063331321336,0.7306352779827768,1.4412040161147943
466.01,1.134659314026012,1.041651005222015,0.9856640624946844,1.67224532172645,0.7470219630599824,1.4117118291570907
470.99,1.1227281046952624,1.0203821020956614,0.972630184865587,1.6500096384516145,0.7679476971350339,1.3845069404708237
475.98,1.1231434987674187,1.013636060628541,0.9550956505462306,1.6183062590878519,0.7987515557905431,1.3499513652656296
480.96,1.1066018156937143,0.9822129002980413,0.9312546299554819,1.5877364758333596,0.8279002186089806,1.3063667012378173
485.95,1.1052663393218658,0.9727325860536441,0.9133556475817957,1.5564338423844868,0.8629220081962597,1.2725655854075995
490.93,1.1026548552760589,0.959935043564947,0.909697746821079,1.5000874925114365,0.9133002929727239,1.217998090788119
495.92,1.0872028561844862,0.9310044533313091,0.9173533979700805,1.4562772303276557,0.9709756775964592,1.164320114757317
500.91,1.063198954822037,0.8801221646005132,0.9044262775326922,1.3809347047317102,1.0654526672149731,1.0910210212298965
505.9,1.0361662204055566,0.826433873908605,0.9654692703958572,1.3115894230541703,1.1514829700461133,1.0214845377807553
510.89,1.0367586364214618,0.8181623288112436,1.0346401214981717,1.2126976868744768,1.2453593644031178,0.9629589654748977
515.88,1.0589099326372022,0.8609800251042735,1.1134755562689573,1.1216012026437592,1.2809216386151596,0.9155243225283138
520.87,1.0970733915546764,0.9555388601431679,1.1798629630350541,1.0087308806184339,1.2206327454731445,0.880330523134716
525.87,1.1474764655998773,1.085307398078568,1.1412270843815473,0.8905873691336446,1.0636014559305569,0.8382162257295006
530.86,1.173911395623464,1.1688607593091493,1.1153055305241264,0.8112920343432211,0.9185978704733813,0.8083367230400265
535.85,1.1876970847085548,1.2130079842536938,1.0762495801541885,0.751159359407865,0.8261294101040475,0.7837217160098621
540.85,1.1982739470863486,1.2372628592041113,1.0817902562850772,0.715540279232126,0.7987885989407748,0.7889786994126368
545.84,1.2180399235536001,1.2718364142642913,1.1026704697387724,0.6827135435967754,0.7821172101283409,0.8052750119340559
550.84,1.227031088571086,1.286077977541738,1.1217910871898351,0.6630605502752386,0.7806357328511568,0.8234542577440668
555.83,1.243131389580813,1.3006959167835328,1.157856228640556,0.6484851987422816,0.8173350271885594,0.852431883500979
560.83,1.2527759298892371,1.3011001891340779,1.219213295901101,0.6446311066234834,0.9107062277293935,0.9097671124394504
565.83,1.2670994558729003,1.3018782367158106,1.303530522208756,0.6549593210057931,1.0312536116631457,0.99449017963095
570.83,1.272063823902972,1.2879230674292983,1.4148059624309386,0.6930859358368947,1.2018599415587565,1.1100912434702515
575.82,1.2651383014662783,1.256836331423938,1.5070036039321224,0.7454971208697315,1.3719934980613187,1.2166683800915337
580.82,1.2551768456081887,1.2291938312589143,1.5692633038468007,0.794124107129578,1.502059949748371,1.298326056443193
585.82,1.2384419202647026,1.1975060935896795,1.6050506796912964,0.829544776622859,1.5896043247690028,1.3524538584860697
590.82,1.2220054215329106,1.1658359341557671,1.6155863484844806,0.8547440068291187,1.652993966684393,1.3832644820991786
595.82,1.216968720260975,1.160660600109122,1.6389636763023376,0.8812320876789164,1.6818499994716922,1.4266064250260944
600.82,1.2170703991420782,1.1609063391395986,1.6502138628690588,0.9012419834593126,1.7046868752409075,1.4523845308875747
605.82,1.2120925380051402,1.1507796200532765,1.6609111519325483,0.922107697310944,1.7413189978695383,1.473430614400923
610.82,1.195028108450373,1.1232979857409573,1.6745991290465865,0.9506764694655473,1.789280283579068,1.5109446192338414
615.83,1.1767459415578516,1.0949176976553658,1.6896073034348986,0.9861780718976537,1.838686613271729,1.5560838046456293
620.83,1.157549950506336,1.0658844382885717,1.683166771032296,1.0060422802577935,1.8780705365813923,1.5764271345013154
625.83,1.151736923329394,1.0556638608121771,1.686303737784615,1.0289237231188106,1.8962178912522523,1.6030784461040388
630.83,1.1442923745957891,1.0437380165397492,1.6827743301359763,1.0370924099694645,1.9104694692993496,1.610147720433175
635.84,1.1350388150881314,1.033738842989632,1.6914887838760673,1.0557523841729597,1.9237366530888587,1.6327306696908412
640.84,1.1197118436827769,1.0068224660618788,1.6787672943476961,1.0549305403491993,1.941179446869226,1.6298440043510891
645.85,1.1068220680669356,0.9831163498207252,1.6643378859607738,1.0518743182594488,1.956456032676302,1.6289267495360003
650.85,1.0944079504501507,0.957632182448302,1.6430120151111594,1.0452362282158252,1.968741613675279,1.61961170872515
655.86,1.0850638953567597,0.9357260750595253,1.6174171430385327,1.034825785020385,1.9751399783392112,1.6018013645844118
660.86,1.0692680324250174,0.9017198765541731,1.5717224131374026,1.004162648107044,1.9774964080334085,1.549435943202263
665.87,1.0675226842189545,0.8930791402063938,1.5486613678832335,0.9909103139677468,1.9718702721214612,1.5300763450284491
670.87,1.072234864849363,0.8976890364821444,1.5419112671579485,0.9888826993758782,1.9606548947934153,1.533515730510604
675.88,1.0784954805906792,0.9077897778541525,1.5399139662080428,0.9855123895240282,1.9431632827424692,1.5389136373048808
680.89,1.0860973826555813,0.921394573009794,1.5386670322648566,0.9820511013179474,1.925256726191997,1.5458533966813621
685.89,1.1131450992438503,0.9714728453329107,1.5840483453379828,1.0490742168985703,1.9252458621354234,1.6368965332085732
690.9,1.190440812603874,1.1011554655930382,1.6224671859019206,1.1269508592207405,1.8812054334909116,1.7093493669830515
695.91,1.4275618238373322,1.4321874529296585,1.6921606217390741,1.0852756730182553,1.568226846207344,1.5714973407407258
700.91,1.6547548973237323,1.7362083361460616,1.787167718980272,0.9452507590076743,0.9651059691144462,1.1540389234821586
705.92,1.6956056932834858,1.8045344716610123,1.8066881667917052,0.8796641844200044,0.4738757104001785,0.7398772808348716
710.93,1.634748471259579,1.7517706097215449,1.7468256931368316,0.8965921901227457,0.3229324282408712,0.5359943758259852
715.94,1.5582092721780643,1.6784755139494825,1.6681678843959769,0.9085132087362014,0.39796949449410834,0.48081436038376163
720.95,1.4540963492756478,1.5764525535248524,1.536826972763443,0.9251248312818436,0.5358127039261088,0.49683105923423365
725.96,1.3217939932473692,1.4461525247404292,1.3416204823710995,0.9545326613697591,0.63871171431842,0.5430618516100725
730.97,1.171755080576571,1.2962670320560048,1.1150407931343174,0.9907141966675783,0.7532862110690749,0.6054021593449085
735.98,1.0139872207147524,1.1372507107693681,0.8766215380597254,1.047599965984947,0.8396514959198496,0.6704125151040328
740.98,0.8616724652434026,0.9801253160261592,0.7027334466906323,1.113037204959434,0.9426297336047916,0.7460233810786678
745.99,0.7416235662827548,0.8516494535234027,0.6877210662525849,1.173935510442924,1.0353576282405954,0.8134060011528381
751.0,0.6825552678995757,0.7828593786068473,0.7844040117742674,1.2219302771990912,1.100406057149985,0.8641951739710408
756.02,0.6610959676405109,0.7519665670725575,0.8891684736157048,1.2592425735391577,1.140567111726298,0.9010674680385928
761.02,0.6538246108223796,0.7384860180520899,0.9688363907572479,1.28134733981536,1.1792499764966815,0.9255366429112396
766.04,0.6567160998930024,0.735939209957036,1.027833356363437,1.2975426175662268,1.1939884775305125,0.94212971438974
771.05,0.6602813239629871,0.7368988828001042,1.0507089640520773,1.3040489851356925,1.1979617567515066,0.9489227520994677
776.06,0.66201619316915,0.7368556699614119,1.0673305889698548,1.309206948573332,1.2050774454514603,0.9549326254516388
781.07,0.6636934078320286,0.7370418881530844,1.0775112558851743,1.3138904499595057,1.2082751842447228,0.9597160854934736
786.08,0.6651183887917032,0.7369915833523917,1.0865655868579123,1.3191821233348804,1.2102069716496349,0.9645680450823977
791.09,0.666330532737052,0.7369788394581813,1.0923668202136845,1.3234911544455583,1.2116473744333387,0.9685959358832626
796.1,0.6671038113307818,0.7366884877549275,1.0951712216885214,1.32725564025972,1.2125015118150577,0.9722301949313163
801.12,0.6678303490264098,0.7365055429706298,1.096218021254018,1.3304640837979744,1.2129008483571626,0.9752999345475882
806.13,0.668242455579464,0.7360811427506517,1.095398664541304,1.33336017472486,1.2126105385216743,0.9781303950257417
811.14,0.6691812490042048,0.7365097213516998,1.0928455979128961,1.3351991618087236,1.2107829016983018,0.9794372490320365
816.15,0.6688754329571335,0.7360064866213692,1.0881983108931732,1.33647724132243,1.211668602694587,0.9807640194195638
821.16,0.6690523576538389,0.7356725339672481,1.0829152843476022,1.337940809580377,1.2104635220528734,0.9824416386770068
826.18,0.6692626171420427,0.7359131341272777,1.0750443432286996,1.3372027890815974,1.2092968726678126,0.9822571869748
831.19,0.668902499341243,0.7359157662643103,1.0654164459092401,1.335413731931454,1.2093335046899993,0.9813999864182572
836.2,0.668811549738074,0.7359784153382494,1.0563953863489035,1.3342322411194327,1.208169747320906,0.9809463145971854
841.21,0.6685120752565945,0.7356563778451657,1.0480460856388563,1.3339358047970657,1.2073087605248376,0.9811952940576922
846.23,0.6680919684555482,0.735181993083375,1.039543759096932,1.3340319538612513,1.2062290853735598,0.98166207796036
851.24,0.6675226878561573,0.7345702475528214,1.0316746944850088,1.3343784350972858,1.2059197145449003,0.9823339614218636
856.25,0.667062257728521,0.7341872422465416,1.0238635846286246,1.3340552291076004,1.2052191368234548,0.9824456664360461
861.26,0.6670365438065673,0.734182234434913,1.0160823124453404,1.3337633789395484,1.203258548717849,0.982334387590383
866.28,0.6663872175797931,0.7335726203659737,1.0085567288325796,1.3338984405342926,1.2032358392701443,0.982790111613938
871.29,0.6661357538980647,0.733206904131673,1.00186894878689,1.3344616171459838,1.2016912425300126,0.9833542712942025
876.3,0.6660194285096698,0.7330662857053654,0.9950466244665556,1.3347183600360228,1.2002102733507314,0.9835580527981015
881.32,0.6655733657987349,0.7326828102852329,0.9870900909101754,1.3348734141904057,1.198651939701853,0.983639801696886
886.33,0.6651043927238621,0.7320251220442748,0.9800086549519886,1.3360411546101103,1.1969439419879064,0.9845306811994999
891.34,0.6651428578548239,0.7313658782936749,0.9748040715255801,1.3396335401483865,1.1934323243445522,0.9867938673385938
896.36,0.664551519292627,0.729912948381718,0.9706734570827457,1.3449194459344727,1.1918616853033672,0.9903063593976859
901.37,0.6635870105935294,0.7281086530645924,0.9654063744919696,1.3496824914666148,1.1902550992056196,0.993822319843668
906.38,0.6644862798549357,0.7285467502185214,0.9602777365175447,1.3512733486953405,1.1857562723042459,0.9945186468825412
911.4,0.663168009597211,0.7269280617176267,0.9518664274298528,1.3540339090473532,1.1845616316473224,0.9964493920364343
916.41,0.6624342742826844,0.7263994442593957,0.9411258813204842,1.3541510302549022,1.1814377807162275,0.996025669483747
921.42,0.6620287111800388,0.7264553409404781,0.9258995212843185,1.352558694639757,1.1754180046937166,0.9940784137335588
926.44,0.660241852699164,0.7244266116732211,0.9077765701396805,1.356569061499824,1.1677206226315593,0.9957109719538008
931.45,0.6531957755039282,0.7155565753449968,0.8837679894313849,1.3729026306184664,1.1646648903974215,1.0073034300757369
936.46,0.6447333891993121,0.7069718784310984,0.8423644041555353,1.3853516896009637,1.1554645098545586,1.0150260550775034
941.48,0.6490468529940324,0.7121846091400142,0.8192089789779539,1.3818494766706166,1.1344301275813018,1.008838475916781
946.49,0.6465233724267364,0.7126020248859093,0.7865400545559497,1.3769702300275435,1.1273133027173652,1.0030458010066905
951.5,0.6477167986687191,0.7180853110142024,0.7505302028123122,1.366163386758537,1.1119196022346856,0.9906068948147284
956.52,0.6502686268128154,0.7256834386293421,0.7221236964907265,1.3505541938340766,1.1009325956076805,0.9746790832398331
961.53,0.6544909433737255,0.7349297690490877,0.7038599262721096,1.3314480765877292,1.0925949670426982,0.9563616890872991
966.55,0.6601471248936176,0.745229987091428,0.6942591242573425,1.3078603800295625,1.086219703183853,0.9348115517150055
971.56,0.6646067139352526,0.7528541425787447,0.6888229554992443,1.290868093308693,1.081548420389796,0.9197053529181896
976.57,0.6652153502695234,0.7552947908943445,0.6882710847955158,1.2828325449851312,1.0848455310124012,0.9137769557602421
981.59,0.6662696708490071,0.7575791568087871,0.6886226687824873,1.277926203105245,1.0856639052346222,0.909973616610876
986.6,0.6676331444125901,0.7602540345269634,0.6904535936397648,1.2690863748794705,1.088171381241711,0.9034643141678778
991.61,0.6693971430341566,0.7631054263778072,0.6918365777392365,1.2613872214850625,1.0890742026701563,0.8976452973201977
996.63,0.6697044126367054,0.7640030158240947,0.6942974213886999,1.2565865463559263,1.0926655054153553,0.8949509610039725
1001.64,0.6685902503799707,0.7627355600316966,0.6970784725839309,1.2560829761121384,1.0972507799961722,0.8960419939482349
1006.65,0.6670554627064675,0.7606879090884495,0.6992313278144123,1.257371576341642,1.101498938707896,0.8983347449405554
1011.67,0.6650443490719635,0.7577250110596935,0.7019675323043367,1.260801969130311,1.1057114076687442,0.9025250144162961
1016.68,0.6629738234016717,0.7546652622807114,0.7053587312222022,1.2644599646437813,1.1104191113596211,0.9070612335693646
1021.69,0.6613002782426493,0.7520067395304444,0.7086597324503505,1.2680101315392935,1.1140764080598922,0.9112994526685565
1026.71,0.6595919403461975,0.7491369449113112,0.712447816253594,1.2721853520983817,1.1178853482075546,0.9161010559962806
1031.72,0.6580443290276423,0.7465948012988889,0.716685455918161,1.2754179634581746,1.1224022533358136,0.9203081652307791
1036.73,0.6567042620431536,0.7442456316742116,0.7208391814464183,1.2788786106950658,1.126308244969323,0.9245306508959957
1041.75,0.6556601510509857,0.7422071066780616,0.7244757950473842,1.2824742235985895,1.1291566669446116,0.9285458786929912
1046.76,0.6548621528564131,0.7404425199117665,0.7279366180306868,1.285880910256466,1.1314757036682648,0.9322639602978132
1051.77,0.654176432881778,0.7389054384036852,0.73078759920642,1.2890315673335808,1.1334311205468828,0.935661147083964
1056.79,0.65364222760314,0.7376456984153136,0.732954015012615,1.2918297181010798,1.1349200137634563,0.9386080637364631
1061.8,0.653538807259814,0.7370117807833666,0.733970048012841,1.2938887448473568,1.1349336808302166,0.9405397094589392
1066.81,0.6536548533184939,0.7368743422249475,0.7335951681617889,1.2950143549916937,1.1340782413749004,0.9414543019593307
1071.83,0.6538787405181378,0.7369381505673375,0.7323348696866397,1.2959688849538165,1.1324956337481593,0.9420083654127276
1076.84,0.6545317329976642,0.7376428702584735,0.7297280539335004,1.2961283303761377,1.129419785692796,0.9415415518040815
1081.85,0.6554378418933534,0.7388980430608113,0.7258315395667732,1.2952393783276568,1.125494267275581,0.9399234040504586
1086.86,0.6562917568099923,0.7398891883240807,0.7216740957577719,1.2957081535195403,1.1209540608400543,0.9391253615035344
1091.88,0.6567277896874354,0.7398411291833918,0.7178784767845013,1.299836446050605,1.1161122393964547,0.9412243594679062
1096.89,0.657586829402853,0.7404979844714291,0.7125625734676448,1.3030360876764113,1.1093085296127871,0.9421399625830311
1101.9,0.6585128161791929,0.7409601972231807,0.7072450796295298,1.3076476672481347,1.1014798480240175,0.9440617600903352
1106.92,0.6593739507255113,0.7407514329285404,0.702851318764464,1.3151058641552433,1.092996119409608,0.9483332491118406
1111.93,0.6596643974374606,0.7385372086228393,0.7014766969770143,1.329155456336706,1.0846786069365546,0.9583125523271322
1116.94,0.6581970615674662,0.7324763967440855,0.7051124996573976,1.3534484326004967,1.0783436671126778,0.9770852707063834
1121.95,0.6599311215448811,0.7272625239863105,0.7063406522530099,1.3872232413560575,1.055977436583702,1.0019997899532844
1126.97,0.6663477011987742,0.73611595485012,0.6862221628282952,1.3833232753437075,1.0257730678662653,0.9929727707118596
1131.98,0.6815024348946875,0.7614828660648715,0.6635134167509174,1.3450925000661553,0.9886280284171295,0.9519804358745226
1136.99,0.6985713794186877,0.7876282079723045,0.6650717519908806,1.3044517735067234,0.9623673672365644,0.9102049252672617
1142.0,0.7174530043631414,0.8110915339922379,0.6744147862198737,1.277955746555383,0.9284451191441994,0.8804194034568575
1147.01,0.7400550800145412,0.839127624901288,0.7076781481659095,1.2442777990474156,0.8994460762085184,0.8457858216617761
1152.03,0.7646887028249704,0.8677259778157544,0.7423027931673528,1.209013603736957,0.8680938423059458,0.809603319108813
1157.04,0.7788271030120014,0.8850822892255693,0.7636880992094749,1.1727762629048941,0.8631228022237545,0.7774369238625136
1162.05,0.7872296985362278,0.8953737192368811,0.7744149111041405,1.1463998163356437,0.8633602336272385,0.7552602291527439
1167.06,0.7921307507512724,0.901386630034694,0.7804301141440176,1.1281061043359402,0.8653910732693925,0.7408155694379984
1172.07,0.7952747595297552,0.9050414946324319,0.7824616953689298,1.1171783276093952,0.8648300142248678,0.732002877250698
1177.08,0.7984814632270317,0.908595742821681,0.7856141522813449,1.10959270004383,0.8628614913437099,0.7257196430355903
1182.1,0.8016677345864797,0.9121015935145514,0.7891768566477481,1.1026034714587234,0.8604578494082588,0.7199204819126157
1187.11,0.8046873115887367,0.9154155121664617,0.7928568218666289,1.0963479761498922,0.8578723941784866,0.7146188015637318
1192.12,0.8071141608749002,0.9179660721397289,0.7940693992404622,1.0912602887025484,0.854765063382838,0.7100586317053348
1197.13,0.8077141626153694,0.9187315405009587,0.7942254688530695,1.0869068299225362,0.8551373528611076,0.7069945047234878
1202.14,0.8078994375857612,0.9190699326939192,0.7953771148360083,1.083685690552496,0.8563255490812908,0.7050009175873939
1207.15,0.8078408599210504,0.9190214711481307,0.7964634417878684,1.0822332986171346,0.8567744116906918,0.7041103821496819
1212.16,0.8073985856650351,0.9186106371147061,0.7991407364505566,1.0799325303652685,0.8595361341102383,0.7031565146943047
1217.17,0.8076538865801581,0.9187856795941497,0.8042354115555626,1.0783969370488278,0.8609198169287059,0.7024484951408272
1222.18,0.8074650933072758,0.9185459299606205,0.8095839990743124,1.076617305296728,0.8639604721259349,0.7019787401326106
1227.2,0.807561551733626,0.9185804422703489,0.8155821464700063,1.0748584918497517,0.8665102920998713,0.7014151592083968
1232.21,0.8079714765782732,0.9189085427923377,0.8209585151890574,1.0730781756176477,0.8678639412763957,0.7005464438618985
1237.22,0.8081960803299794,0.9190847855209344,0.825167797003779,1.0715997277480278,0.8692487342357236,0.6999724362308458
1242.23,0.8083144987399551,0.9191532135925204,0.8289198377619754,1.071029295803113,0.8703749646316578,0.700063221545965
1247.24,0.8076954676810619,0.9184374967210096,0.8301664939463536,1.0719453699736667,0.871013447946475,0.7011381867658582
1252.25,0.8073761431403962,0.9180114937728627,0.8305142433985219,1.0721265297179967,0.8706141597591102,0.7014493518137311
1257.26,0.807396042523866,0.917931706041976,0.8304998431175762,1.0725156103536824,0.8690583164537982,0.7017468650297115
1262.27,0.8077691295241142,0.9182433539463134,0.8319899254276533,1.0726695743973462,0.867435150381488,0.701979736036575
1267.28,0.8093630093544052,0.9197909866413494,0.8362968398009798,1.0717359870588654,0.8643393552436799,0.7009737191464923
1272.29,0.8130333176169808,0.9233372966218748,0.8431666138546704,1.0692123646516656,0.857519025651183,0.6978059606974661
1277.3,0.81833758299323,0.9285072497580571,0.8525021584841259,1.0642099454200913,0.8489223199689517,0.6925378488126255
1282.31,0.8233796746241099,0.9334122301006991,0.8601846312030367,1.059375492128302,0.8404986548187154,0.6875636059785958
1287.32,0.8293723051654366,0.9392159776037537,0.8696251575468125,1.0543330249447433,0.8296945966225223,0.68218884143453
1292.33,0.8357102718191048,0.9452865214060514,0.8772327014915076,1.0490091361943175,0.8170557291660998,0.6764642380111856
1297.33,0.8430671077241952,0.9522755812771345,0.8851332899116313,1.0435705863884115,0.8016814655970794,0.6703840592962372
1302.34,0.8521265646621669,0.9608510595912138,0.8949027166400926,1.036964962885546,0.7827477593292156,0.6630574231145053
1307.35,0.862256618582571,0.9703096679635432,0.9044619969038701,1.0296548085786632,0.7603910319863955,0.6549426226674039
1312.36,0.8736681635753616,0.9808241109303281,0.91509900295983,1.0218432728146751,0.7350727674221665,0.6463222532117265
1317.37,0.8898142112864066,0.9958014281225157,0.933444747687292,1.008408701062092,0.7031250302068638,0.6328696180881987
1322.38,0.9051929616800053,1.0098443719427446,0.9442088776208796,0.9947872072138895,0.6688740101255914,0.619833634377401
1327.39,0.9211408635119579,1.0241484449974043,0.9542042862995712,0.9841280350911824,0.6279544113713862,0.6097348043689216
1332.4,0.940898752084317,1.0421689279384407,0.9782772010670167,0.9654183375298868,0.5874622647055013,0.5960081356265707
1337.4,0.9590485865278832,1.0576678624271656,0.9874578499616532,0.9595802199905258,0.5355998269131501,0.5895855848391142
1342.41,0.9698103905978478,1.0662239810694247,0.9809969532869337,0.9500063766329209,0.4960815984495214,0.5845605565978257
1347.42,0.9682947817093367,1.0638869424661745,0.9522421211858578,0.9425940788958939,0.47288870833564495,0.5844324397081602
1352.43,0.9577224738233125,1.0518550691118957,0.9624206655464773,0.9902284886094189,0.43822692527856033,0.6253952928307047
1357.44,0.9793539719800903,1.0655128606492639,1.1804342785340198,1.0726812663016154,0.3689791194958815,0.7227138286755452
1362.44,0.0,0.0,0.0,0.0,0.0,0.0
1367.45,0.0,0.0,0.0,0.0,0.0,0.0
1372.46,0.0,0.0,0.0,0.0,0.0,0.0
1377.47,0.0,0.0,0.0,0.0,0.0,0.0
1382.47,0.0,0.0,0.0,0.0,0.0,0.0
1387.48,0.0,0.0,0.0,0.0,0.0,0.0
1392.49,0.0,0.0,0.0,0.0,0.0,0.0
1397.5,0.0,0.0,0.0,0.0,0.0,0.0
1402.5,0.0,0.0,0.0,0.0,0.0,0.0
1407.51,0.0,0.0,0.0,0.0,0.0,0.0
1412.52,0.7567419851726447,0.7478875355592773,1.6032374278523838,1.5723679304140876,1.2291039484262825,1.2217010456222945
1417.52,0.996355966354209,0.9848953418245524,1.3845815290979226,1.006076056849037,1.3506484670404115,1.071625597667041
1422.53,1.1026127134458,1.0538396673910204,1.2747953814952804,0.8690199524287651,1.3359558432195153,1.0254389292795347
1427.53,1.194018963666547,1.1212237244584848,1.2379377207904048,0.7115028617396183,1.3250050148287131,1.0191252197066882
1432.54,1.192302192707206,1.1125645132394912,1.2079951426864082,0.7494031773393025,1.3351041296025214,1.0511357019695946
1437.55,1.1923392725022908,1.1164713542012925,1.2351091419531772,0.7514450436650448,1.3018409907742499,1.0712655962537632
1442.55,1.2083616336030507,1.1248754414249256,1.2373457766813174,0.8656647170119346,1.3064868123926043,1.219892628362164
1447.56,1.2130885626566095,1.1307838302537536,1.206218867630082,0.8497452926834784,1.2682957648009192,1.2023427716792536
1452.56,1.2313428508822175,1.1522940102623673,1.242686908025333,0.8319019633434802,1.2489330136629169,1.1817475471869672
1457.57,1.224585600723877,1.146620853509016,1.2012381333537547,0.7975287619069036,1.2561637310516223,1.1414361236796473
1462.57,1.2207156510706403,1.148112600575435,1.1796392046320066,0.771112249432322,1.235989099873206,1.1226387989906086
1467.58,1.2151588083179872,1.1399635074646477,1.1993773271305268,0.8169521238669256,1.2482506010393215,1.1752306879295753
1472.58,1.2337460481807003,1.1679160853925996,1.2012177931375283,0.7549824097233839,1.182986127072586,1.1074205629140177
1477.59,1.227892527916936,1.1727874891534797,1.1444295189776528,0.7131213815006316,1.112766245229691,1.0649562604870972
1482.59,1.2325602488463663,1.1837794587276258,1.1271617727378642,0.6884917806702163,1.0576644735029057,1.0366851674886497
1487.6,1.2385856711208365,1.199098191171605,1.0916028658108723,0.6945271605376585,0.9345738309785968,1.0424813216800122
1492.6,1.2341190307545449,1.2051872643257624,1.056176136691163,0.6353152784711282,0.8722668834620885,0.9734247893519553
1497.61,1.2348018160755416,1.2144757506676238,1.0407400559508675,0.6009391728498786,0.8004398968402942,0.9280142011065107
1502.61,1.228367469621967,1.2152569213214586,1.0153176497690402,0.5854527027361269,0.7345735838404749,0.9059851890269041
1507.61,1.2268715637635565,1.2219405168656896,1.0110493717201063,0.5517508214100718,0.6756790888669596,0.8556845701903105
1512.62,1.2197131197634072,1.2215080760043566,0.9899435784836531,0.5303672186527274,0.6271245903174726,0.8197769868021952
1517.62,1.2116787649320788,1.2204693565958598,0.9708033416800996,0.5136373745384671,0.5684163723172276,0.7912438732464724
1522.63,1.205015098634647,1.2206765090152734,0.9607660706170522,0.49353926075860016,0.523841696016762,0.7458492209997387
1527.63,1.1975856121563537,1.2187123111409928,0.9468280311902597,0.4842360440492672,0.4794990595214821,0.7214597027224647
1532.63,1.1879342931243544,1.2151343622333548,0.9310168332170647,0.47520198317674334,0.4360366899457622,0.6882236922090995
1537.64,1.1782735271808966,1.2108731728675755,0.9132248601899661,0.4706022751896171,0.39923353512127746,0.6596446240784524
1542.64,1.1691000267742155,1.2066965881125742,0.9001832719017249,0.4694278869388991,0.3669701469239596,0.633626111364688
1547.64,1.1611565483754533,1.203192672457251,0.8908057124253062,0.4717274539701448,0.33938908541842505,0.6096116222431738
1552.64,1.1523171695961354,1.1986337904744044,0.8778906926268528,0.4760834762590503,0.3175287298466475,0.5883783140558068
1557.65,1.143550368160002,1.1934949231190082,0.8627461018244744,0.4814022355795755,0.29970512231025503,0.5696499101127688
1562.65,1.135857062574087,1.1890317002906645,0.851587844751802,0.4880554103452529,0.28626831437998773,0.554840642823694
1567.65,1.1286586132679728,1.1845271046810695,0.8365737297285916,0.4955759224124571,0.27638691833197737,0.5386304089361151
1572.65,1.1215304310484542,1.1801594546987302,0.8285322170654067,0.5014478510549899,0.27085976707106735,0.5335060143812252
1577.65,1.113811238255926,1.17512699292194,0.8203604105957998,0.5099078797317133,0.26687250013295133,0.5222229502024613
1582.66,1.108668666029154,1.1720049954002152,0.8131608526076131,0.5192914064303985,0.2623599710721078,0.5093931772525703
1587.66,1.103133273370875,1.168415194908027,0.8069006791260778,0.5269933609900953,0.26354041421494423,0.5021981334702708
1592.66,1.0983925548576399,1.1653775585488981,0.8038917542821197,0.5355661362798951,0.26421312356654514,0.49512716609285484
1597.66,1.0939211472281585,1.1621214211351472,0.7941406774776741,0.5417165283700469,0.2641898150014217,0.4895138293840623
1602.66,1.0897737880932037,1.159038145395148,0.7901217321723333,0.5419525432150011,0.27260936803274705,0.4923166500699883
1607.66,1.0865986775340144,1.1567013788994505,0.7860492637665516,0.5472842032650327,0.27054672994057866,0.48624747536249935
1612.66,1.0828559117275824,1.1541914318971656,0.7821679292482163,0.5542737958553157,0.2755835360327175,0.48393525743574856
1617.66,1.0804638300223763,1.1522779592800654,0.774314025881556,0.5582252303163592,0.2744535400603718,0.4801513444678905
1622.66,1.0771021581229707,1.1496483644455817,0.7678078216034186,0.5613031386391631,0.2771058924971916,0.47867274835879503
1627.66,1.0747066884360001,1.1479528293370156,0.7633937474247023,0.5661862844152218,0.27763481617664093,0.47514598813500436
1632.66,1.0720293767674827,1.1457655463678733,0.7531210644531401,0.5691109187260247,0.2790157592976816,0.4737104379761667
1637.66,1.069057640636486,1.143508425052437,0.7467549928121264,0.5729405682195361,0.2831296899520427,0.4736235165133334
1642.66,1.0669983260756715,1.1419302991126898,0.7403753596632687,0.5750414278993288,0.28648763156636087,0.47373458730610096
1647.66,1.063639434416739,1.1391058276736459,0.726704389896575,0.579792934395206,0.2863243596706062,0.4700557578921682
1652.66,1.0595380309200055,1.1356675421819062,0.710445912735106,0.5856479112923385,0.2900017523071965,0.4693209964240611
1657.66,1.0569390745520801,1.133509782608399,0.6948990827733194,0.5922056526723718,0.2906950284384588,0.46656338388877155
1662.66,1.0541497067096421,1.131183958954314,0.684243479426141,0.5972587097179467,0.2929436112318786,0.464457013866447
1667.66,1.0510687867311406,1.1292056472489094,0.6837878844029803,0.6020583568996299,0.3058491508018481,0.4691466635176482
1672.66,1.0513431679393916,1.1292062114732555,0.6814566009933574,0.6031673147224981,0.298183802873553,0.4630639240942879
1677.66,1.051975151681647,1.129973287833994,0.6836854858418491,0.6039345547122915,0.30264930417881497,0.4679273893155454
1682.66,1.0538675746147153,1.1314162299871737,0.6818640625046151,0.601102565485285,0.3009581405420822,0.4699398717628061
1687.65,1.0560207403471824,1.1327439806738238,0.6763098408579028,0.5995386545760789,0.2954652649464043,0.47049534703939416
1692.65,1.0580076878725537,1.1340076811657644,0.671780008790404,0.5980868644595192,0.29565870318297705,0.47429618663912637
1697.65,1.0600769278911388,1.135274612346507,0.6666640143022197,0.596779876318956,0.2978057717778211,0.4803348828362344
1702.65,1.0622776389392579,1.1365278657436937,0.663179978254809,0.5945766443747311,0.29311964247799105,0.47977379439591555
1707.64,1.0637244359807425,1.1373452888714037,0.6594235672679982,0.5941735958351724,0.2973648724445915,0.48537952405538104
1712.64,1.0659610763874272,1.1387403659210145,0.6605609854394642,0.595837559409289,0.29838092953059486,0.4873685902211623
1717.64,1.0681452573656633,1.1403800119201994,0.6617221372929148,0.5959825303106199,0.29705393705872296,0.48537231856904794
1722.64,1.0696489748110243,1.1414817778692408,0.6642992027187261,0.5940565021794096,0.30071226528017697,0.4951219116005908
1727.63,1.0740892059424656,1.1445750909365096,0.6708180319507837,0.5920487773867381,0.2919553896006718,0.48927509852361284
1732.63,1.078327442276113,1.1475657392273082,0.6751610826299351,0.5799781822939928,0.2882771465311141,0.49654884173723657
1737.62,1.0862753874399116,1.1532740698583774,0.6865716655570742,0.5669978385453274,0.2791450818427199,0.5024075608571632
1742.62,1.0935510437772151,1.1584448685068405,0.7006212149971522,0.5578516341788611,0.2749262906224178,0.5026170845567806
1747.62,1.098421025458228,1.1618432040055384,0.7039817593501846,0.5469181703884547,0.2740827643245546,0.5204700693465544
1752.61,1.1051384303466043,1.1658961537535073,0.718229616601323,0.5371416740667633,0.27564188210510404,0.5126171419634274
1757.61,1.1104153785903228,1.1703934984963802,0.7278421411455959,0.5305578601706384,0.27829244611596066,0.5300848233992043
1762.6,1.1170316088979984,1.1744940631012555,0.7468075776788669,0.525334459092798,0.2883259828489099,0.5277963852380587
1767.6,1.1244581497358652,1.179724502095778,0.7643317484494505,0.5160374635114405,0.2973672084041481,0.5400089343578934
1772.59,1.1300925705748501,1.1821433621154167,0.7840634815326412,0.5117800534023873,0.31846091091844975,0.5342593585215278
1777.59,1.1375883656964372,1.1883915147973474,0.8016083457752323,0.5091718372841083,0.32803423297622664,0.5606209018717052
1782.58,1.1420224737088593,1.189502517622974,0.8274023578591314,0.5135238511925794,0.36526123172265806,0.549240784380026
1787.58,1.1462617086805564,1.1929375458583398,0.8436772243568906,0.517634095137274,0.3793911821516632,0.5521623192027495
1792.57,1.1502985469489408,1.193338207508154,0.8721422402076229,0.5102053181855433,0.4019245841285745,0.5695200139171636
1797.56,1.1512416098873584,1.1885976075219093,0.9794368560670181,0.6169290631145058,0.5329470375884233,0.5706944520437395
1802.56,0.0,0.0,0.0,0.0,0.0,0.0
1807.55,0.0,0.0,0.0,0.0,0.0,0.0
1812.54,0.0,0.0,0.0,0.0,0.0,0.0
1817.54,0.0,0.0,0.0,0.0,0.0,0.0
1822.53,0.0,0.0,0.0,0.0,0.0,0.0
1827.52,0.0,0.0,0.0,0.0,0.0,0.0
1832.51,0.0,0.0,0.0,0.0,0.0,0.0
1837.51,0.0,0.0,0.0,0.0,0.0,0.0
1842.5,0.0,0.0,0.0,0.0,0.0,0.0
1847.49,0.0,0.0,0.0,0.0,0.0,0.0
1852.48,0.0,0.0,0.0,0.0,0.0,0.0
1857.47,0.0,0.0,0.0,0.0,0.0,0.0
1862.46,0.0,0.0,0.0,0.0,0.0,0.0
1867.45,0.0,0.0,0.0,0.0,0.0,0.0
1872.44,0.0,0.0,0.0,0.0,0.0,0.0
1877.43,0.0,0.0,0.0,0.0,0.0,0.0
1882.42,0.0,0.0,0.0,0.0,0.0,0.0
1887.41,0.0,0.0,0.0,0.0,0.0,0.0
1892.4,0.0,0.0,0.0,0.0,0.0,0.0
1897.39,0.0,0.0,0.0,0.0,0.0,0.0
1902.38,0.0,0.0,0.0,0.0,0.0,0.0
1907.37,0.0,0.0,0.0,0.0,0.0,0.0
1912.36,0.0,0.0,0.0,0.0,0.0,0.0
1917.35,0.0,0.0,0.0,0.0,0.0,0.0
1922.33,0.0,0.0,0.0,0.0,0.0,0.0
1927.32,0.0,0.0,0.0,0.0,0.0,0.0
1932.31,0.0,0.0,0.0,0.0,0.0,0.0
1937.3,0.0,0.0,0.0,0.0,0.0,0.0
1942.28,0.0,0.0,0.0,0.0,0.0,0.0
1947.27,0.0,0.0,0.0,0.0,0.0,0.0
1952.26,0.0,0.0,0.0,0.0,0.0,0.0
1957.24,0.0,0.0,0.0,0.0,0.0,0.0
1962.23,0.0,0.0,0.0,0.0,0.0,0.0
1967.21,0.0,0.0,0.0,0.0,0.0,0.0
1972.2,1.1728685231414493,1.0168581336934746,1.2805407094351793,1.3112615908512173,1.7117225870739377,1.6161163944196035
1977.18,1.1657248103084092,1.0084998962501597,1.2763784850815763,1.302787991807297,1.7075265105137816,1.6073541553155748
1982.17,1.164937057388941,1.0096423440168527,1.2599604545953977,1.2841594919422636,1.6811254226414387,1.5920652939546591
1987.15,1.1587363321560993,1.0018049190378642,1.2574887045999918,1.292478948278142,1.6800567300731322,1.5981353125981175
1992.14,1.1485669380544086,0.9892095109373161,1.2551509401556267,1.2911063469799051,1.6909270377451158,1.5970219248535316
1997.12,1.158441487183683,1.0032943812340442,1.2498710866338418,1.2895957217225875,1.6706143667289957,1.5980207370999497
2002.1,1.169103837659644,1.015675278081581,1.2549819863019447,1.3331748265623051,1.648313260410334,1.6359907672946534
2007.09,1.175295379851234,1.022505872495693,1.2617899518017628,1.3332124094550555,1.6302189841469237,1.6319382429901474
2012.07,1.171622183186798,1.0184629442221824,1.2563931414872809,1.3151774495451045,1.6251276666952317,1.6151585215869941
2017.05,1.1618672450923402,1.0070971828205184,1.240857857984531,1.3123471265236992,1.6156841200495675,1.6132430858413178
2022.04,1.1652316398355165,1.0156728057915567,1.2226812400509597,1.2687191488829548,1.581566305381036,1.5759783684175899
2027.02,1.166141104885261,1.0221651395832483,1.2061016554075499,1.227543920848143,1.5491967202761745,1.5413135855402258
2032.0,1.1725125444127678,1.0355955053659762,1.1935633198552222,1.1858003834214488,1.5102732090368967,1.5058357874823598
2036.98,1.1791357268559937,1.048824317205205,1.1835398737951868,1.1486970147777935,1.4750920469441857,1.4746988603412423
2041.96,1.1854700250087002,1.062062706573973,1.169529623399545,1.115578401945665,1.436767311906177,1.4478886056718292
2046.95,1.1900926423744205,1.071077446402337,1.1619134220677598,1.0938424715158854,1.4106197901925661,1.4291278402069185
2051.93,1.1951629480393093,1.0812004713569792,1.1523605183886043,1.076131869161515,1.3766133457486223,1.413270927379019
2056.91,1.198353177724881,1.0881535244617422,1.1454429087518676,1.0580022206834172,1.353319043349875,1.3972829948086076
2061.89,1.2028272898226826,1.098705634737723,1.1350639310389838,1.0284305662177804,1.3184857158407381,1.3720462285707058
2066.87,1.2072987687277128,1.1093633051028446,1.123505710889485,1.004044924967143,1.279386217358503,1.3503418649167278
2071.85,1.213670938350522,1.1262012132755912,1.1023403565301297,0.9513795242024371,1.2175077457938825,1.3033883396181802
2076.83,1.2172070308824041,1.136668899276979,1.0921259926167182,0.916145285408454,1.177690456672227,1.2716324442724438
2081.81,1.2195239850150061,1.145920638408983,1.083334242804194,0.8727247906699186,1.1424716431289794,1.2328058857780673
2086.79,1.2221349630451175,1.154941019920172,1.069680866794285,0.852481182698348,1.09665765666079,1.2118294694670644
2091.76,1.2237783098605266,1.1629318855894961,1.0611496649989276,0.8226434654716038,1.0583941313815644,1.1827214705809868
2096.74,1.2248430069511735,1.1700367446725108,1.0559268521363716,0.7886820482664308,1.026277875711366,1.1504637593202491
2101.72,1.2256600742598251,1.1759756845357903,1.0505557199317115,0.7692252896154581,0.9931251777942558,1.1280193695302274
2106.7,1.2257899678601232,1.1819965774410348,1.0400488818717342,0.7385794820028991,0.9566385107085056,1.098068251152389
2111.67,1.2271323978469109,1.1880745323498278,1.037707258695603,0.7252171293705665,0.9247091117470148,1.0798478388582455
2116.65,1.2268625469994696,1.192065042960696,1.039636885457626,0.7023948315949402,0.9026074459414298,1.054269626449172
2121.63,1.2265795988804968,1.1951716561169854,1.033934883215248,0.6907542685067399,0.8794310788071518,1.0392151291866811
2126.6,1.227349659298301,1.199547807051883,1.0321014370185413,0.6855792404275917,0.8512563605774016,1.0280496532695658
2131.58,1.227821570615196,1.2040646571484859,1.0337672214982463,0.6680897991829589,0.8309803773177612,1.00784674961865
2136.56,1.228951796818204,1.2069155231744468,1.0407617154670583,0.6707443116020142,0.8152349882447399,1.0034569427865483
2141.53,1.2291788858405015,1.2087706441119914,1.0409896768337628,0.6665897764320021,0.8051055485355766,0.9955032004943776
2146.51,1.2322116363717506,1.2144193807973835,1.0553922782846727,0.6646907594756859,0.7941518347880531,0.9863873340826195
2151.48,1.2349840632425362,1.2181102110506106,1.0668544829500475,0.6748788856547587,0.7912730184661675,0.987670365635183
2156.46,1.2329235500478317,1.2186553061288603,1.054895095481402,0.6568509801877226,0.7771521468422616,0.9716446310469878
2161.43,1.2327334189321721,1.2194072164717151,1.0568781897086703,0.6613727877579819,0.7702966200300752,0.9692448223685063
2166.41,1.230819267646488,1.2188641848289372,1.043180589976983,0.6676578032030818,0.7533282795007328,0.9687475325841292
2171.38,1.22863396166437,1.217758198526006,1.0365363663042855,0.6460399551716245,0.7537632845269091,0.9511804988738736
2176.35,1.2268185639579687,1.2162766871247448,1.0244701084590553,0.6494438772624218,0.7419438924670951,0.9526389111138955
2181.33,1.226073704177558,1.2181607260845977,1.0207376920672764,0.6394550883355214,0.7304666426316384,0.9387582155358707
2186.3,1.2267849184946187,1.2196419963137701,1.0213578328063582,0.6453270778368663,0.7197050239495263,0.9414988748410027
2191.27,1.223445744706034,1.2185591380015646,1.004942451090373,0.6224733348098667,0.7135547789100792,0.9228544554615757
2196.24,1.2221613874182684,1.2173310330593883,0.9967243988905933,0.6226775464277268,0.7081682987112031,0.9223042429214465
2201.22,1.2202522504569577,1.2181644931009754,0.9872251465520634,0.625839655682689,0.6858061779627888,0.9174465384255377
2206.19,1.2180332953966144,1.218683354785833,0.9738355160051919,0.6156692639448833,0.6682437296625461,0.9044243716260032
2211.16,1.2166526918694343,1.2160180231907385,0.9677775963645016,0.605118968095659,0.6766515640103914,0.9018838895667619
2216.13,1.2194549565641135,1.217053678470521,0.9757906251702051,0.6221103348292237,0.6842875006881597,0.9213486396926027
2221.1,1.2177258404827207,1.21401521750552,0.9662306405317342,0.6155250546591164,0.6903391307485661,0.9222108421679274
2226.07,1.2164802278460642,1.2130043207636643,0.957589136449726,0.6150118854240377,0.6813213720118443,0.9219178649999125
2231.04,1.2141564082032477,1.2116211064224995,0.9510001459788714,0.6028262175595078,0.6770806673202912,0.9125872411171053
2236.01,1.2138501158710364,1.2119721858682155,0.9545650530110646,0.6064823155577131,0.6744547473745367,0.9138251101376684
2240.98,1.2126177933975433,1.2110438369384928,0.9513340635317998,0.6029477042697408,0.669935172498349,0.9125852418218335
2245.95,1.2090647036520652,1.2097723705641084,0.9390089216876728,0.5911479841194403,0.6522769022722076,0.8976909884661518
2250.92,1.2028000201230207,1.2074095785603582,0.9136370708790734,0.5644036240609475,0.6228459465684708,0.8679993534972184
2255.89,1.1988586666176448,1.20577314494467,0.9115063322682241,0.5602812309502422,0.6030027415891804,0.8571468109751804
2260.86,1.1969210142945714,1.203215443003108,0.8994973867287102,0.552650278130486,0.6035244378892511,0.8539028638203393
2265.82,1.196837041139542,1.2028751550737509,0.9000278286114479,0.5484622670297247,0.6076950730874899,0.8501480071323699
2270.79,1.1996376003997775,1.2026183642106614,0.9101696732792274,0.5579984305892666,0.6279308610832861,0.8651074731761684
2275.76,1.2037633529077527,1.2018785223787056,0.9225427990295741,0.5821428092417561,0.6553360426297599,0.8971973682883179
2280.73,1.2096696836390242,1.20296331460918,0.9580411392977257,0.5936820038624229,0.7005036803925828,0.9186237334651902
2285.69,1.2187103902115908,1.2059695261710068,1.0028976894349637,0.629033421498704,0.7523636100509912,0.9598096584340233
2290.66,1.2264390695280347,1.209148527695372,1.0414128200487451,0.6578767726314688,0.7876126137052875,0.9898334197008473
2295.62,1.2319364296169264,1.2120792836758145,1.0660634390036658,0.6706362659527753,0.8058048024448284,1.0060530112785864
2300.59,1.2297550404745423,1.2090741848235265,1.0551943290329906,0.6711208314019774,0.8092559089953258,1.0123135890575814
2305.56,1.2297303981675587,1.2069314987846567,1.0605959796436497,0.6810397770520742,0.8227409334200678,1.0232254138587598
2310.52,1.2275064912621276,1.2028488813081455,1.0592922641314912,0.671758642581221,0.8457368135074995,1.0222123875328313
2315.49,1.2264447703986436,1.1995357108478746,1.04859741479718,0.6756637906316152,0.8503481723546711,1.027265178104602
2320.45,1.2240150571183537,1.190383283261315,1.0284778641033678,0.7080324553426144,0.8780203220881656,1.061028782201496
2325.41,1.224623550320131,1.187581207575672,1.0362890955492567,0.7121484004847215,0.9122751684180751,1.071135652642087
2330.38,1.2245132492226567,1.1839425077064218,1.0454182785091328,0.7218869227290479,0.9388380231136042,1.0826719277488845
2335.34,1.2241176242792093,1.1790860349761811,1.0498826751122905,0.7304328165856613,0.9734938609525285,1.0962201156905713
2340.31,1.225586686376247,1.174778974740251,1.0766687069071066,0.7766217765270269,1.0045820287353107,1.1374685656411245
2345.27,1.2236944871823978,1.1684689879481904,1.0765795555108546,0.7734650513954512,1.0420606922982354,1.1421494262777752
2350.23,1.2248870913345733,1.1649387219946108,1.0923062154442564,0.8220879907026103,1.0596007414680682,1.1843109495909327
2355.19,1.2205788278343783,1.1543705506613868,1.083549059517377,0.8373616244006888,1.1019021767286423,1.2025140462411428
2360.16,1.2187819927483905,1.1469078990093213,1.09115250730243,0.862397896007535,1.1388036758023306,1.2259576545255337
2365.12,1.2152175311285462,1.137935457244037,1.1028506715582778,0.8734400538055711,1.1830385955426963,1.2384423938359677
2370.08,1.2162173725350471,1.1344423163866948,1.116777924488461,0.9391241361704972,1.1896712179232467,1.2901420594330493
2375.04,1.2071926392881125,1.119195224610713,1.1389904482718636,0.8990209382681714,1.271636422852664,1.2619789662190686
2380.0,1.2023142785396697,1.1053134159171656,1.146410934041176,0.9518475889461083,1.3127350145878411,1.3087263742399828
2384.97,1.2016474090623743,1.1015335726512867,1.1454389068508568,0.9852997227458782,1.3218168586954193,1.3376768617404933
2389.93,1.1955699607488268,1.0905278959254479,1.1582607561261224,0.9875138717455797,1.3659338719285927,1.3402808772024841
2394.89,1.191962982838017,1.082371478203902,1.1620566703364361,1.0178815386925089,1.3874432256046998,1.3674536646206747
2399.85,1.1886343259929968,1.0752864927220502,1.1565549347778183,1.0401067004972082,1.4085538805812554,1.3896900489654755
2404.81,1.1832886310340156,1.0656385824754964,1.1750619383699812,1.0561829226395092,1.440577627583378,1.4034282916441667
2409.77,1.1768546779993048,1.0540333906837351,1.1831447238538364,1.046051394770965,1.4832192854721395,1.392374599860198
2414.72,1.1708164401639207,1.0441773615614829,1.1891561554593273,1.0923673690254196,1.5016829731863437,1.4372547502987691
2419.68,1.1782919441351527,1.0473654139745723,1.1822096630497554,1.1304831842642313,1.4988099682249774,1.4640912073110484
2424.64,1.1756438580651718,1.04597076078407,1.1789098615353533,1.1208681025880038,1.51113969151446,1.460882737401246
2429.6,1.1696795434957015,1.0395278000974204,1.180666114934772,1.0967327059142957,1.5366627264651487,1.4395967296057308
2434.56,1.177676617056298,1.047588652468025,1.1760978917617417,1.1999000365816117,1.4763899743919247,1.5226997917754652
2439.52,1.173832913670155,1.0386766342151157,1.197732399115569,1.1109625332877464,1.5666184215741377,1.4439466386320234
2444.48,1.1760878318856998,1.0407664966104595,1.195714605545935,1.1362455626307448,1.560354574324616,1.4673928316238027
2449.43,1.2027476523338594,1.062393333819302,1.2682999159609127,1.1251585782135367,1.557324315568221,1.4242916181454968
2454.39,1.185085375401244,1.0353317132971998,1.2427381322803293,1.1449305832064443,1.6114442574774193,1.4666117486636525
2459.35,1.1681451170842525,1.027216053518044,1.2174091249257866,1.1093192782884278,1.6260119038686272,1.4411624956455638
2464.31,1.1817786649071043,1.0396792280248763,1.2128785138543288,1.171222758233142,1.5959387137911056,1.5033719261776886
2469.26,1.1865998944991998,1.0444492545754926,1.2572857367269865,1.1377363991372726,1.6463145278965043,1.4597284786618228
2474.22,1.1094043073263333,0.9431219907467312,1.3112551756289377,1.193055696681972,1.740864980545053,1.4941396898601877
2479.18,1.2439158750932717,1.1352457353583505,1.345920695024147,0.8768371444058971,1.4384574857710974,1.1643623493873902
2484.13,1.325905668979564,1.2835655686347065,1.364009592331806,0.7531321468336223,0.969056565679707,0.7902612622352423
2489.09,1.334311012875787,1.3298115278477383,1.377783788876011,0.8535502179723685,0.6564476510025834,0.6084732395970316
2494.04,1.3199374268886344,1.340017733951412,1.3847480248958601,0.9807554356878819,0.4409466748469938,0.5611530801481028
2499.0,1.3035143468077808,1.338891680516581,1.40023672432849,1.1128081976343018,0.33044664739584073,0.6047276161266067
